guest_id,first_name,last_name,gender,date_of_birth,phone,email,referral_source
1001,Fey,Border,Female,07/04/1994,108-471-1810,fborder0@altervista.org,Google Maps
1002,Nealon,Yaneev,Male,04/15/1984,985-192-5059,nyaneev1@google.de,Google Maps
1003,Arleta,Stanway,Female,08/07/1974,960-148-8404,astanway2@opensource.org,Google Maps
1004,Barbie,Gockelen,Female,05/01/1981,426-340-0038,bgockelen3@npr.org,Advertisement
1005,Lenci,Ure,Male,01/31/2008,432-541-2250,lure4@about.me,Advertisement
1006,Alanson,Gribble,Male,02/17/2001,966-797-5201,agribble5@hibu.com,Word of Mouth
1007,Meredith,Isley,Female,06/28/1980,345-346-6105,misley6@qq.com,Other
1008,Viviene,Blow,Non-binary,10/24/1974,922-638-3786,vblow7@engadget.com,Advertisement
1009,Whitman,Broadis,Male,01/05/2006,646-323-4908,wbroadis8@mapquest.com,Other
1010,Phoebe,Siegertsz,Female,01/07/1988,246-222-8280,psiegertsz9@google.com.au,Other
1011,Kristine,Franzoli,Female,08/11/1980,416-478-8715,kfranzolia@cbc.ca,Social Media
1012,Shelby,MacClure,Male,05/22/1998,251-723-4938,smacclureb@netlog.com,Word of Mouth
1013,Ricoriki,Milne,Male,04/14/1997,764-556-1879,rmilnec@nps.gov,Google Maps
1014,Avrom,Pergens,Male,03/03/1983,458-316-5873,apergensd@spotify.com,Advertisement
1015,Osbert,Barti,Male,10/02/1981,359-964-2394,obartie@umich.edu,Advertisement
1016,Bryn,Scrowson,Male,01/30/2009,759-654-1745,bscrowsonf@furl.net,Social Media
1017,Tadd,Magner,Male,03/27/1973,759-553-4953,tmagnerg@blogspot.com,Advertisement
1018,Nelson,Ullyott,Male,02/24/1996,388-856-9382,nullyotth@google.com.hk,Social Media
1019,Orella,Wishart,Female,02/09/1969,813-850-4767,owisharti@businessinsider.com,Google Maps
1020,Stanislaus,Everix,Male,05/05/1977,156-576-0493,severixj@com.com,Advertisement
1021,Billy,Fitzgerald,Female,11/16/2002,213-790-8177,bfitzgeraldk@psu.edu,Google Maps
1022,Valentine,Hearnden,Female,11/30/1961,724-938-3324,vhearndenl@usgs.gov,Social Media
1023,Flor,Gibbin,Female,04/01/1959,204-144-0507,fgibbinm@mediafire.com,Google Maps
1024,Katerine,Iglesia,Female,01/16/1991,841-257-6751,kiglesian@plala.or.jp,Social Media
1025,Steward,Glasscoe,Male,10/10/1991,316-253-6976,sglasscoeo@nps.gov,Social Media
1026,Lura,Crufts,Female,08/03/1983,823-898-5295,lcruftsp@cnn.com,Word of Mouth
1027,Vallie,Glennie,Female,11/06/1999,684-792-6225,vglennieq@cnbc.com,Google Maps
1028,Otto,Binns,Male,07/24/1965,970-974-9849,obinnsr@ustream.tv,Social Media
1029,Xerxes,Edington,Male,08/15/1958,567-455-8318,xedingtons@google.cn,Advertisement
1030,Conrad,Delves,Male,10/23/1996,118-353-4731,cdelvest@huffingtonpost.com,Social Media
1031,Monroe,Ziemen,Male,08/15/1985,692-662-6035,mziemenu@printfriendly.com,Advertisement
1032,Daniele,Maplethorpe,Female,12/03/1984,434-173-9358,dmaplethorpev@independent.co.uk,Word of Mouth
1033,Gardy,Fattorini,Non-binary,10/25/1990,180-758-8144,gfattoriniw@cafepress.com,Word of Mouth
1034,Kylie,Rolley,Male,05/10/1982,573-428-6972,krolleyx@booking.com,Word of Mouth
1035,Tallulah,Sambell,Female,01/10/1999,829-961-2824,tsambelly@tamu.edu,Social Media
1036,Giff,Lehrian,Male,12/13/2007,540-496-7408,glehrianz@friendfeed.com,Social Media
1037,Anestassia,Alexis,Female,12/30/1992,668-776-2206,aalexis10@apache.org,Advertisement
1038,Coleen,Karpenko,Female,06/15/1981,763-847-5848,ckarpenko11@aol.com,Advertisement
1039,Ignace,Cripin,Male,11/14/1981,400-953-7029,icripin12@rambler.ru,Social Media
1040,Archer,Gowman,Non-binary,06/23/2009,654-425-8367,agowman13@canalblog.com,Word of Mouth
1041,Zeb,Doge,Male,12/25/1958,477-948-3539,zdoge14@4shared.com,Social Media
1042,Johna,Tibald,Female,01/09/1972,912-519-5994,jtibald15@cbc.ca,Advertisement
1043,Aloisia,Collabine,Female,08/09/2000,739-984-0561,acollabine16@gnu.org,Word of Mouth
1044,Thorny,Dumphry,Male,12/16/1982,502-556-7928,tdumphry17@barnesandnoble.com,Advertisement
1045,Carlen,Minkin,Female,11/15/1996,503-308-2298,cminkin18@qq.com,Google Maps
1046,Eb,Bartosik,Male,04/10/1984,694-997-0067,ebartosik19@paginegialle.it,Advertisement
1047,Jeffie,Thornley,Male,07/11/1972,827-789-9844,jthornley1a@edublogs.org,Social Media
1048,Jannel,Thacker,Female,12/27/1959,228-117-4793,jthacker1b@weather.com,Social Media
1049,Astra,Handover,Female,07/25/1969,653-491-6192,ahandover1c@shareasale.com,Word of Mouth
1050,Giulietta,Edess,Female,09/17/1979,397-698-4401,gedess1d@addtoany.com,Social Media
1051,Godfry,Ravenscroftt,Male,12/20/1962,820-817-5890,gravenscroftt1e@jugem.jp,Social Media
1052,Meridith,Redparth,Female,04/12/1994,147-968-0712,mredparth1f@fema.gov,Other
1053,Theo,Furmston,Male,06/04/1985,242-693-5588,tfurmston1g@samsung.com,Google Maps
1054,Wallache,Helks,Male,03/20/1977,752-956-4414,whelks1h@freewebs.com,Word of Mouth
1055,Suzy,Comizzoli,Genderqueer,07/26/1964,644-703-1503,scomizzoli1i@seattletimes.com,Word of Mouth
1056,Kamilah,Furneaux,Female,06/09/1993,650-308-3741,kfurneaux1j@desdev.cn,Other
1057,Sasha,Padgham,Male,01/26/1993,409-866-5272,spadgham1k@is.gd,Advertisement
1058,Marysa,McMillan,Female,08/13/1973,711-528-8162,mmcmillan1l@nifty.com,Social Media
1059,Mel,Kensett,Male,09/09/1987,755-934-2612,mkensett1m@ucsd.edu,Google Maps
1060,Jasmine,Geater,Female,07/19/1983,489-822-1779,jgeater1n@macromedia.com,Advertisement
1061,Zsa zsa,Presser,Female,04/22/1961,183-445-2458,zpresser1o@fda.gov,Advertisement
1062,Reina,Boldison,Female,01/11/1981,685-935-5331,rboldison1p@upenn.edu,Social Media
1063,Karlens,Blackden,Male,07/25/1985,171-414-1590,kblackden1q@sciencedirect.com,Google Maps
1064,Bennie,Bickersteth,Male,07/26/1980,262-306-2291,bbickersteth1r@state.gov,Advertisement
1065,Emanuele,Channon,Male,12/09/1991,256-580-4138,echannon1s@whitehouse.gov,Social Media
1066,Kristos,Labeuil,Male,06/08/1988,682-242-5237,klabeuil1t@about.com,Word of Mouth
1067,Glynis,Boyen,Female,03/09/2006,101-540-1203,gboyen1u@printfriendly.com,Social Media
1068,Jordon,Van den Broek,Male,10/01/1967,459-187-3163,jvandenbroek1v@chicagotribune.com,Word of Mouth
1069,Tome,Center,Male,11/11/1983,679-658-2654,tcenter1w@bizjournals.com,Advertisement
1070,Tailor,Napolione,Male,03/13/1958,721-670-5326,tnapolione1x@parallels.com,Social Media
1071,Roderigo,Worwood,Male,03/02/1980,594-808-3098,rworwood1y@paginegialle.it,Word of Mouth
1072,Ricky,Algar,Female,06/22/2009,227-840-3414,ralgar1z@i2i.jp,Other
1073,Harwilll,Ewert,Male,04/20/1982,591-837-8887,hewert20@multiply.com,Word of Mouth
1074,Harv,De Carlo,Male,01/13/1978,150-542-4621,hdecarlo21@flavors.me,Word of Mouth
1075,Juan,Groocock,Male,08/10/1991,281-677-4937,jgroocock22@netvibes.com,Social Media
1076,Cleavland,Ruhben,Male,12/02/1976,708-476-4387,cruhben23@addtoany.com,Advertisement
1077,Kiele,Korejs,Female,10/26/1996,945-327-4823,kkorejs24@furl.net,Social Media
1078,Arlena,Laydon,Female,04/16/1996,294-508-4871,alaydon25@is.gd,Word of Mouth
1079,Kizzee,Jovanovic,Female,02/10/2008,600-407-6724,kjovanovic26@sitemeter.com,Other
1080,Neville,Gotthard,Male,10/02/1984,614-431-6328,ngotthard27@nyu.edu,Social Media
1081,Nerty,Larkcum,Female,05/27/1979,636-721-5976,nlarkcum28@salon.com,Google Maps
1082,Nichole,Vose,Male,01/16/1986,481-692-4344,nvose29@free.fr,Social Media
1083,Graig,Joiner,Male,01/19/1962,661-498-1932,gjoiner2a@smugmug.com,Word of Mouth
1084,Olin,Strelitz,Male,05/15/1994,232-800-7611,ostrelitz2b@nifty.com,Social Media
1085,Dodi,Le Guin,Female,12/20/1990,228-378-5644,dleguin2c@paginegialle.it,Word of Mouth
1086,Lovell,Landsborough,Male,04/29/1979,851-262-1686,llandsborough2d@google.es,Other
1087,Engelbert,Vergine,Male,11/08/1967,932-682-4285,evergine2e@unc.edu,Advertisement
1088,Cinderella,Starie,Female,11/28/2001,964-879-0095,cstarie2f@apple.com,Google Maps
1089,Lurline,Benettelli,Female,04/27/1970,332-726-4711,lbenettelli2g@japanpost.jp,Social Media
1090,Gare,Drewes,Male,06/20/1960,867-223-9258,gdrewes2h@quantcast.com,Word of Mouth
1091,Flynn,Spellessy,Genderfluid,04/15/1980,603-277-5806,fspellessy2i@google.pl,Word of Mouth
1092,Kacie,Ubsdell,Female,06/10/1963,502-548-6510,kubsdell2j@cloudflare.com,Google Maps
1093,Halimeda,Sindall,Genderqueer,01/27/1983,469-322-5139,hsindall2k@a8.net,Word of Mouth
1094,Angelita,Moine,Female,02/11/1975,877-280-8682,amoine2l@ask.com,Social Media
1095,Haley,Dunkerly,Female,05/31/1979,303-685-4105,hdunkerly2m@simplemachines.org,Advertisement
1096,Winny,Hoofe,Female,03/10/1958,915-325-8225,whoofe2n@upenn.edu,Word of Mouth
1097,Waylan,Fiander,Male,01/09/1965,516-544-2368,wfiander2o@epa.gov,Word of Mouth
1098,Daloris,Farny,Female,05/18/1959,630-129-6889,dfarny2p@time.com,Google Maps
1099,Isabelita,Hiom,Female,05/15/1963,399-330-1170,ihiom2q@mozilla.com,Social Media
1100,Verne,Piotrowski,Male,06/15/1989,515-202-2171,vpiotrowski2r@deliciousdays.com,Advertisement
1101,Bambie,Perkinson,Female,12/27/1987,595-994-5418,bperkinson2s@devhub.com,Social Media
1102,Sapphira,Hilland,Female,11/24/1995,538-871-8944,shilland2t@oakley.com,Social Media
1103,Pietrek,Cunniam,Male,05/16/1986,431-337-6953,pcunniam2u@dell.com,Other
1104,Alexi,Norquay,Female,02/04/1977,401-280-1439,anorquay2v@sfgate.com,Google Maps
1105,Madelin,Witsey,Female,02/15/1977,181-401-6206,mwitsey2w@tuttocitta.it,Social Media
1106,Dahlia,Burdon,Female,04/20/1992,425-167-0803,dburdon2x@dedecms.com,Word of Mouth
1107,Jerrold,Starton,Male,03/20/1988,595-468-1069,jstarton2y@mlb.com,Social Media
1108,Iolanthe,Whilde,Female,11/06/2009,814-567-2507,iwhilde2z@so-net.ne.jp,Google Maps
1109,Elton,Deex,Male,09/24/1982,553-996-4703,edeex30@discovery.com,Google Maps
1110,Ermanno,Poolton,Male,09/18/1970,633-892-8712,epoolton31@gravatar.com,Word of Mouth
1111,Stearn,Jinkin,Male,07/04/1980,218-740-1613,sjinkin32@biblegateway.com,Google Maps
1112,Fraser,Scoyles,Male,12/29/2006,190-764-7331,fscoyles33@jimdo.com,Word of Mouth
1113,Josie,Mingardo,Female,01/24/1989,993-645-8634,jmingardo34@pen.io,Social Media
1114,Rafa,Cowderoy,Female,12/19/1979,800-714-4076,rcowderoy35@de.vu,Word of Mouth
1115,Kelcie,Cheater,Female,04/10/1999,856-139-8142,kcheater36@whitehouse.gov,Advertisement
1116,Laura,Ferreri,Female,04/12/1965,743-480-4845,lferreri37@technorati.com,Social Media
1117,Mariya,Rittmeyer,Female,09/08/1971,363-168-8190,mrittmeyer38@mlb.com,Other
1118,Uriah,Coldbreath,Non-binary,12/14/2005,515-787-5403,ucoldbreath39@wordpress.com,Social Media
1119,Orren,Yurchishin,Genderqueer,04/29/1983,196-166-4883,oyurchishin3a@elegantthemes.com,Word of Mouth
1120,Ruby,Esel,Male,03/23/1987,566-931-4700,resel3b@joomla.org,Word of Mouth
1121,Verine,Frazer,Female,12/10/2003,954-631-9196,vfrazer3c@myspace.com,Word of Mouth
1122,Francesco,Izhakov,Male,05/01/1972,847-930-2279,fizhakov3d@a8.net,Advertisement
1123,Nancy,Blazeby,Female,07/30/1965,470-501-6854,nblazeby3e@google.de,Other
1124,Rana,Brick,Female,04/21/1966,182-962-7913,rbrick3f@exblog.jp,Advertisement
1125,Anna,Trahear,Female,10/27/1960,630-340-5575,atrahear3g@adobe.com,Advertisement
1126,Sharity,Shervington,Female,01/06/2000,438-342-5328,sshervington3h@bandcamp.com,Google Maps
1127,Mordecai,Basindale,Male,06/17/1987,436-537-2526,mbasindale3i@webmd.com,Advertisement
1128,Evyn,MacCard,Male,05/15/1977,513-919-7174,emaccard3j@indiatimes.com,Social Media
1129,Francesco,Humes,Genderqueer,12/23/2001,474-629-1187,fhumes3k@whitehouse.gov,Google Maps
1130,Murdock,Sarra,Male,02/03/1981,836-289-7171,msarra3l@feedburner.com,Social Media
1131,Raina,Binyon,Female,08/09/2009,804-698-0915,rbinyon3m@intel.com,Advertisement
1132,Antoni,Adkins,Male,05/06/1971,736-209-6533,aadkins3n@surveymonkey.com,Social Media
1133,Shantee,Illem,Female,04/17/2008,228-782-4062,sillem3o@reverbnation.com,Advertisement
1134,Evan,Bunt,Male,04/24/1979,589-735-0233,ebunt3p@xinhuanet.com,Other
1135,Alfie,Locard,Male,01/08/2001,375-498-6837,alocard3q@mit.edu,Word of Mouth
1136,Tiena,Michell,Female,12/21/1979,750-131-9262,tmichell3r@sciencedaily.com,Advertisement
1137,Ezekiel,de Clerk,Agender,11/12/1958,411-463-5156,edeclerk3s@dropbox.com,Advertisement
1138,Arlie,Milland,Female,07/03/1978,423-365-8149,amilland3t@yelp.com,Word of Mouth
1139,Niccolo,Penquet,Male,07/27/1986,735-849-5091,npenquet3u@sbwire.com,Other
1140,Hoyt,Welldrake,Male,11/20/1993,681-439-8731,hwelldrake3v@whitehouse.gov,Social Media
1141,Sophie,Camplejohn,Female,03/16/1959,923-446-0650,scamplejohn3w@csmonitor.com,Word of Mouth
1142,Lucilia,Corless,Female,03/06/1984,624-452-2446,lcorless3x@ted.com,Social Media
1143,Giusto,Marsie,Male,11/11/1966,207-545-5053,gmarsie3y@sourceforge.net,Social Media
1144,Brandyn,Surplice,Male,04/07/1971,336-505-2607,bsurplice3z@purevolume.com,Social Media
1145,Marshall,Adamek,Male,01/28/2008,513-782-4407,madamek40@linkedin.com,Social Media
1146,Isaak,Krzyzaniak,Male,05/29/1988,341-857-9628,ikrzyzaniak41@google.ca,Word of Mouth
1147,Maridel,Hefner,Female,12/05/1979,208-202-3819,mhefner42@go.com,Advertisement
1148,Paola,Baser,Female,01/11/2001,811-114-5638,pbaser43@fema.gov,Social Media
1149,Denyse,De Pero,Female,05/15/1981,659-256-2845,ddepero44@feedburner.com,Google Maps
1150,Con,Juza,Male,05/26/1968,847-571-3042,cjuza45@jalbum.net,Advertisement
1151,Elsey,Proback,Female,04/24/1994,633-183-2008,eproback46@soundcloud.com,Word of Mouth
1152,Auroora,Harrill,Female,07/30/1997,867-599-9440,aharrill47@lycos.com,Word of Mouth
1153,Issi,Pechell,Female,01/31/2007,177-484-7578,ipechell48@china.com.cn,Social Media
1154,Kristoforo,Bairnsfather,Male,11/07/1971,750-282-6589,kbairnsfather49@so-net.ne.jp,Other
1155,Torrance,Mossdale,Male,10/12/1979,460-973-6976,tmossdale4a@com.com,Word of Mouth
1156,Shanda,Mowles,Female,12/11/1963,148-339-3004,smowles4b@bloglines.com,Word of Mouth
1157,Cirstoforo,Burge,Male,12/04/1977,898-860-4552,cburge4c@apache.org,Word of Mouth
1158,Rochette,Vivian,Female,01/05/1981,100-336-9956,rvivian4d@foxnews.com,Advertisement
1159,Arlette,Bott,Female,12/07/1990,945-754-2399,abott4e@techcrunch.com,Social Media
1160,Portia,Jurek,Female,01/26/1977,373-174-4677,pjurek4f@addthis.com,Advertisement
1161,Niki,Topper,Male,05/04/1977,821-537-0157,ntopper4g@google.co.jp,Social Media
1162,Rudolph,Brasher,Polygender,02/20/1987,425-561-3424,rbrasher4h@slate.com,Social Media
1163,Giulio,Seiffert,Male,04/05/1988,592-990-5811,gseiffert4i@techcrunch.com,Social Media
1164,Van,Pepperd,Male,02/05/1981,439-772-9074,vpepperd4j@woothemes.com,Social Media
1165,Wilie,Petr,Female,06/17/1992,675-679-3549,wpetr4k@taobao.com,Social Media
1166,Reilly,Dreher,Male,07/21/1967,687-771-4777,rdreher4l@webeden.co.uk,Social Media
1167,Sibbie,Geffcock,Female,05/06/2001,568-400-8024,sgeffcock4m@psu.edu,Word of Mouth
1168,Agretha,Wortman,Female,01/18/1960,938-144-1800,awortman4n@free.fr,Advertisement
1169,Eleanore,Lawes,Female,06/06/1990,779-899-0532,elawes4o@salon.com,Google Maps
1170,Bradley,Polkinghorne,Non-binary,11/19/1987,914-235-1394,bpolkinghorne4p@mediafire.com,Social Media
1171,Chrisse,Toner,Male,02/27/1959,388-396-2284,ctoner4q@washingtonpost.com,Other
1172,Cecil,Cradick,Female,11/29/2002,818-926-1867,ccradick4r@archive.org,Word of Mouth
1173,Gage,Keeley,Male,10/06/1987,568-945-3679,gkeeley4s@ocn.ne.jp,Social Media
1174,Pattin,Dunford,Genderqueer,12/01/1987,527-250-2968,pdunford4t@dell.com,Advertisement
1175,Guillaume,Kippins,Agender,08/22/2000,420-852-0453,gkippins4u@dedecms.com,Word of Mouth
1176,Berni,Kinig,Female,07/26/2003,121-844-9420,bkinig4v@plala.or.jp,Other
1177,Seward,Woonton,Male,07/06/1983,312-994-4692,swoonton4w@mapquest.com,Word of Mouth
1178,Lynn,Mutlow,Female,02/14/2005,396-417-7738,lmutlow4x@networkadvertising.org,Word of Mouth
1179,Harrietta,Adamoli,Female,10/11/2008,223-198-8252,hadamoli4y@fotki.com,Google Maps
1180,Nike,Drache,Female,11/03/2004,282-478-0950,ndrache4z@google.pl,Advertisement
1181,Wallis,Rothchild,Male,07/28/1980,803-575-5284,wrothchild50@sbwire.com,Social Media
1182,Demott,Beetles,Male,03/13/1997,970-272-9032,dbeetles51@hao123.com,Advertisement
1183,Jarib,Tabord,Male,12/16/1983,678-287-4784,jtabord52@surveymonkey.com,Word of Mouth
1184,Lucio,Tiffney,Male,04/29/2000,302-298-5039,ltiffney53@usa.gov,Other
1185,Kerwinn,Holburn,Male,08/30/1994,719-388-0834,kholburn54@globo.com,Other
1186,Jobina,Maro,Female,08/14/2000,845-798-6145,jmaro55@latimes.com,Advertisement
1187,Roderich,Tredget,Male,02/19/2007,757-917-9135,rtredget56@uol.com.br,Advertisement
1188,Peria,Chater,Female,12/17/1971,158-475-7798,pchater57@baidu.com,Word of Mouth
1189,Winston,Lydiate,Male,01/24/1985,927-807-2513,wlydiate58@columbia.edu,Advertisement
1190,Stanislaus,Risdall,Male,10/09/1968,472-646-5885,srisdall59@globo.com,Word of Mouth
1191,Britney,Levinge,Female,02/18/1991,776-504-4983,blevinge5a@liveinternet.ru,Social Media
1192,Casper,Clemonts,Male,10/16/1967,159-322-8049,cclemonts5b@addtoany.com,Google Maps
1193,Helenka,Sipson,Female,01/09/2005,835-443-4036,hsipson5c@archive.org,Word of Mouth
1194,Caralie,Fielders,Female,06/26/1958,755-356-3750,cfielders5d@gravatar.com,Word of Mouth
1195,Zabrina,Byfford,Female,02/02/1979,795-788-5494,zbyfford5e@so-net.ne.jp,Social Media
1196,Koralle,Hesse,Bigender,03/19/2000,381-722-2306,khesse5f@4shared.com,Social Media
1197,Mac,Janous,Male,12/28/1976,317-475-6118,mjanous5g@fc2.com,Advertisement
1198,Marian,Berr,Female,04/18/1964,442-161-0594,mberr5h@zimbio.com,Advertisement
1199,Guenevere,Rudyard,Agender,01/14/1971,575-655-4109,grudyard5i@virginia.edu,Social Media
1200,Pam,Placidi,Female,05/12/1993,303-720-5582,pplacidi5j@house.gov,Social Media
1201,Jasun,Cawthorn,Non-binary,01/30/1989,492-506-4865,jcawthorn5k@newsvine.com,Google Maps
1202,Trudey,Wharmby,Female,09/28/1990,272-920-0309,twharmby5l@woothemes.com,Advertisement
1203,Annabal,Gosart,Female,04/04/1991,712-258-4761,agosart5m@arizona.edu,Social Media
1204,Benedikt,Duerden,Agender,12/01/1959,457-304-6728,bduerden5n@dyndns.org,Social Media
1205,Eadmund,Keppy,Male,10/21/1958,808-644-6886,ekeppy5o@typepad.com,Social Media
1206,Xenos,MacLardie,Polygender,02/10/1982,953-996-7612,xmaclardie5p@eepurl.com,Social Media
1207,Arne,Wooder,Male,07/07/2005,950-741-6506,awooder5q@dailymotion.com,Word of Mouth
1208,Vance,Bonnar,Male,09/28/1976,709-211-0661,vbonnar5r@twitpic.com,Advertisement
1209,Hunt,Blackston,Male,08/01/1991,571-349-8613,hblackston5s@ifeng.com,Advertisement
1210,Brinna,Skynner,Female,01/01/1973,601-166-8250,bskynner5t@altervista.org,Other
1211,Daron,Wegenen,Female,08/02/2004,953-750-8363,dwegenen5u@chronoengine.com,Social Media
1212,Oliy,Benley,Female,05/22/1960,851-497-5608,obenley5v@taobao.com,Advertisement
1213,Mia,Halling,Female,09/11/2009,305-407-1534,mhalling5w@loc.gov,Google Maps
1214,Ilario,Kusick,Male,01/24/2008,916-336-8049,ikusick5x@cnet.com,Advertisement
1215,Anatollo,Pavel,Male,07/03/2001,720-863-7763,apavel5y@cbsnews.com,Other
1216,Fiorenze,Jasiak,Female,07/11/1998,419-274-9777,fjasiak5z@adobe.com,Social Media
1217,Pattie,Fick,Male,09/26/1962,103-217-7645,pfick60@goo.gl,Advertisement
1218,Catlee,MacMoyer,Female,10/11/1961,185-535-4075,cmacmoyer61@jiathis.com,Google Maps
1219,Thornie,Howarth,Male,06/09/1974,885-387-8447,thowarth62@nydailynews.com,Word of Mouth
1220,Devy,Feore,Male,03/08/2009,569-472-4886,dfeore63@flickr.com,Social Media
1221,Clare,Woollends,Male,06/26/1958,620-586-3107,cwoollends64@statcounter.com,Word of Mouth
1222,Annabella,Spottswood,Genderfluid,05/29/1983,817-679-3426,aspottswood65@surveymonkey.com,Google Maps
1223,Alix,Adelsberg,Female,08/26/1958,799-640-6124,aadelsberg66@about.com,Advertisement
1224,Lothario,Mylan,Male,10/31/1976,127-155-0759,lmylan67@merriam-webster.com,Advertisement
1225,Tiff,Berwick,Female,01/05/1985,963-173-0234,tberwick68@admin.ch,Other
1226,Nelia,Banton,Female,12/16/1959,368-646-5906,nbanton69@goodreads.com,Word of Mouth
1227,Tomlin,Voysey,Male,10/16/1969,301-759-6597,tvoysey6a@discuz.net,Advertisement
1228,Sheila,Firminger,Female,12/26/1995,368-240-5670,sfirminger6b@acquirethisname.com,Word of Mouth
1229,Aldric,Lengthorn,Male,06/10/1996,910-161-1311,alengthorn6c@independent.co.uk,Google Maps
1230,Danella,Mohammed,Female,11/11/1983,646-194-0462,dmohammed6d@drupal.org,Word of Mouth
1231,Cole,Fozard,Male,03/02/1966,813-596-5491,cfozard6e@discovery.com,Social Media
1232,Nata,Clampett,Female,05/01/1992,814-721-0579,nclampett6f@sourceforge.net,Social Media
1233,Madella,Sinisbury,Female,08/18/1996,697-453-1519,msinisbury6g@netscape.com,Word of Mouth
1234,Horatio,Attoc,Male,08/07/1980,421-761-8711,hattoc6h@sciencedaily.com,Advertisement
1235,Buddy,Thurston,Male,07/03/1960,600-578-2302,bthurston6i@twitpic.com,Advertisement
1236,Bridie,Grimsell,Female,09/21/1976,209-972-8791,bgrimsell6j@is.gd,Word of Mouth
1237,Stefano,Tuckey,Male,05/26/1988,792-625-8708,stuckey6k@engadget.com,Other
1238,Myrle,Villa,Female,09/15/1986,997-887-0086,mvilla6l@twitpic.com,Other
1239,Wanids,Oleshunin,Female,10/25/2004,134-412-6752,woleshunin6m@mapquest.com,Word of Mouth
1240,Laney,Gentner,Agender,01/29/2007,742-649-5687,lgentner6n@indiegogo.com,Google Maps
1241,Grata,Jubert,Female,08/31/1983,263-881-1626,gjubert6o@wikia.com,Social Media
1242,Prisca,Joriot,Female,07/26/1969,619-592-9711,pjoriot6p@google.es,Word of Mouth
1243,Gratia,Fearnall,Female,04/21/1967,964-186-6235,gfearnall6q@wordpress.org,Word of Mouth
1244,Lisette,Thorby,Female,06/08/1997,314-975-8677,lthorby6r@adobe.com,Word of Mouth
1245,Olive,Lux,Female,06/15/1975,186-833-9231,olux6s@tripadvisor.com,Other
1246,Birdie,Shurrock,Female,05/18/1962,775-377-4314,bshurrock6t@thetimes.co.uk,Social Media
1247,Maynord,Cropper,Male,09/10/1967,219-448-4048,mcropper6u@slate.com,Word of Mouth
1248,Crin,Enrdigo,Female,07/20/2007,536-971-6732,cenrdigo6v@addtoany.com,Other
1249,Ruy,Stanton,Genderfluid,11/25/1969,749-408-6650,rstanton6w@usnews.com,Social Media
1250,Luca,Kubecka,Male,10/02/1994,960-549-1825,lkubecka6x@hud.gov,Word of Mouth
1251,Wash,McCafferky,Male,04/30/1985,892-620-7675,wmccafferky6y@sitemeter.com,Social Media
1252,Rafa,Devey,Female,12/04/2003,475-347-0139,rdevey6z@networkadvertising.org,Other
1253,Katie,Hultberg,Female,12/07/1966,773-662-6681,khultberg70@bing.com,Google Maps
1254,Kev,Toretta,Male,03/15/1980,979-852-8806,ktoretta71@telegraph.co.uk,Social Media
1255,Trista,Burry,Female,10/19/1994,591-191-6425,tburry72@un.org,Google Maps
1256,Malena,Knightsbridge,Female,07/09/1966,572-751-6452,mknightsbridge73@marriott.com,Word of Mouth
1257,Keary,Kapelhof,Male,08/19/2007,395-383-4604,kkapelhof74@weather.com,Word of Mouth
1258,Jakie,Goodnow,Male,09/09/1963,624-192-5442,jgoodnow75@globo.com,Other
1259,Ezekiel,Maccari,Male,07/21/1993,589-145-9675,emaccari76@google.com.au,Word of Mouth
1260,Yoko,Loft,Female,04/08/2002,895-416-5389,yloft77@google.com.au,Word of Mouth
1261,Gordan,Wonfor,Male,05/29/1974,297-206-0944,gwonfor78@lycos.com,Social Media
1262,Henryetta,Meader,Female,08/28/1970,576-457-3605,hmeader79@blogspot.com,Other
1263,Cissy,Petracci,Female,07/09/1993,947-609-9034,cpetracci7a@ucoz.com,Google Maps
1264,Samara,Tavener,Female,10/08/1980,370-497-5759,stavener7b@wordpress.org,Word of Mouth
1265,Roy,Boot,Non-binary,04/19/1987,134-641-9395,rboot7c@tripadvisor.com,Social Media
1266,Filide,Kellick,Female,12/08/2009,349-933-8755,fkellick7d@imageshack.us,Word of Mouth
1267,Darryl,Dymick,Male,01/16/1980,865-881-4569,ddymick7e@deviantart.com,Word of Mouth
1268,Donny,Twiggs,Female,12/01/1990,567-882-3150,dtwiggs7f@pinterest.com,Word of Mouth
1269,Gabriell,Ortas,Female,11/14/1975,972-539-7469,gortas7g@biblegateway.com,Social Media
1270,Jennine,MacTimpany,Female,05/29/1986,644-510-4526,jmactimpany7h@uol.com.br,Word of Mouth
1271,Gerick,MacWhan,Male,04/25/1978,213-998-4825,gmacwhan7i@uol.com.br,Word of Mouth
1272,Bellanca,Bawcock,Female,07/22/1980,744-101-4813,bbawcock7j@nsw.gov.au,Word of Mouth
1273,Bron,Gwyther,Male,08/10/2009,477-843-9120,bgwyther7k@washingtonpost.com,Word of Mouth
1274,Pietrek,Corrao,Bigender,05/20/1958,202-771-2331,pcorrao7l@mozilla.org,Social Media
1275,Toinette,Sharrock,Female,01/14/1980,996-953-9809,tsharrock7m@gov.uk,Other
1276,Natalee,Larter,Female,03/24/1995,212-339-4378,nlarter7n@marketwatch.com,Advertisement
1277,Darryl,McClifferty,Genderqueer,06/03/1982,117-202-7290,dmcclifferty7o@reuters.com,Other
1278,Selma,Jeffry,Female,05/13/1990,745-729-0996,sjeffry7p@sohu.com,Social Media
1279,Lilllie,Chatenier,Female,07/19/1992,241-234-2046,lchatenier7q@buzzfeed.com,Word of Mouth
1280,Arnaldo,McFetrich,Male,04/01/1992,132-179-5427,amcfetrich7r@yolasite.com,Social Media
1281,Ellary,Feldbrin,Male,07/07/1997,697-650-9509,efeldbrin7s@google.fr,Other
1282,Elset,Charsley,Female,05/06/2002,770-835-5467,echarsley7t@w3.org,Google Maps
1283,Anatollo,Linnane,Male,07/01/1986,261-609-3451,alinnane7u@ucsd.edu,Advertisement
1284,Auberon,Cantopher,Male,06/05/1965,661-574-3639,acantopher7v@domainmarket.com,Social Media
1285,Bethany,Martel,Female,04/19/1968,412-570-5764,bmartel7w@elegantthemes.com,Social Media
1286,Xymenes,Cambridge,Male,05/15/1988,173-420-5592,xcambridge7x@google.cn,Other
1287,Berry,Domaschke,Female,09/21/2004,361-131-3985,bdomaschke7y@imageshack.us,Word of Mouth
1288,Rena,Leale,Female,03/04/1996,642-741-5505,rleale7z@answers.com,Advertisement
1289,Letta,Pond-Jones,Female,04/18/1969,686-557-2763,lpondjones80@geocities.com,Advertisement
1290,Dani,Winear,Non-binary,08/06/1987,765-805-4587,dwinear81@icq.com,Social Media
1291,Correy,Goldby,Male,10/21/1974,249-249-7206,cgoldby82@timesonline.co.uk,Word of Mouth
1292,Wendel,Rowlatt,Male,10/19/1982,466-959-0033,wrowlatt83@etsy.com,Social Media
1293,Tiebout,Quye,Male,08/18/1972,862-664-9263,tquye84@fc2.com,Word of Mouth
1294,Ola,Quodling,Female,04/04/1993,676-137-6994,oquodling85@cisco.com,Google Maps
1295,Darlene,Gosneye,Female,02/21/1998,513-468-0207,dgosneye86@examiner.com,Google Maps
1296,Edwina,Gosforth,Female,10/05/1982,674-626-5756,egosforth87@diigo.com,Social Media
1297,Avigdor,Ibbs,Male,12/18/1993,179-213-0177,aibbs88@sakura.ne.jp,Social Media
1298,Deena,Chastney,Genderfluid,09/21/1990,209-197-4976,dchastney89@stumbleupon.com,Word of Mouth
1299,Ethelbert,Panchen,Male,07/19/1960,321-351-3966,epanchen8a@hp.com,Advertisement
1300,Nonna,Mathie,Female,06/17/1964,501-326-6656,nmathie8b@hp.com,Social Media
1301,Pascale,Thornhill,Male,01/29/1974,771-807-9303,pthornhill8c@sitemeter.com,Social Media
1302,Brig,Kemer,Male,05/21/1993,514-230-0559,bkemer8d@google.ca,Advertisement
1303,Valerye,Paynton,Female,04/17/1989,144-362-2727,vpaynton8e@rakuten.co.jp,Social Media
1304,Isidor,Comi,Male,01/19/1975,525-958-2529,icomi8f@apple.com,Other
1305,Bethena,Bohden,Female,05/27/1968,944-857-8825,bbohden8g@un.org,Word of Mouth
1306,Gael,MacHoste,Non-binary,10/28/1966,578-229-5873,gmachoste8h@shinystat.com,Social Media
1307,Hakeem,Arnall,Male,04/15/1980,890-721-4347,harnall8i@constantcontact.com,Google Maps
1308,Krista,Gillison,Female,11/27/1973,912-767-3747,kgillison8j@posterous.com,Word of Mouth
1309,Ivette,Sabatier,Female,03/08/1986,852-681-4122,isabatier8k@istockphoto.com,Word of Mouth
1310,Emmet,Paddick,Male,03/24/2007,777-936-5392,epaddick8l@meetup.com,Word of Mouth
1311,Mallory,Outright,Male,06/12/1977,398-684-4349,moutright8m@answers.com,Social Media
1312,Warden,Roizin,Male,01/08/1976,348-185-6097,wroizin8n@intel.com,Word of Mouth
1313,Mitzi,Spensly,Agender,09/16/2007,629-452-3004,mspensly8o@columbia.edu,Social Media
1314,Marci,Firks,Female,12/06/1991,974-509-5372,mfirks8p@illinois.edu,Word of Mouth
1315,Andros,Dashwood,Male,07/12/2006,303-735-6179,adashwood8q@arstechnica.com,Word of Mouth
1316,Daisie,Robertet,Female,08/11/1980,620-534-7178,drobertet8r@e-recht24.de,Word of Mouth
1317,Carmelle,Jirus,Female,08/01/2009,624-385-1925,cjirus8s@loc.gov,Google Maps
1318,Normie,Kincade,Male,08/19/1972,145-859-7551,nkincade8t@shareasale.com,Word of Mouth
1319,Carol-jean,Caddy,Female,09/11/1992,595-371-8212,ccaddy8u@friendfeed.com,Social Media
1320,Rube,Speenden,Male,05/05/2008,612-432-8247,rspeenden8v@weebly.com,Social Media
1321,Hanan,Ianizzi,Male,09/10/1961,170-602-3200,hianizzi8w@prweb.com,Other
1322,Annabal,Fazzioli,Female,07/30/1958,496-756-5407,afazzioli8x@jugem.jp,Social Media
1323,Cass,Krol,Female,05/20/1985,424-402-2744,ckrol8y@amazon.co.jp,Social Media
1324,Gregoire,Yeiles,Male,08/25/1961,599-428-7283,gyeiles8z@joomla.org,Other
1325,Horton,Meneyer,Male,06/25/1982,852-189-8452,hmeneyer90@google.nl,Social Media
1326,Auria,Muncer,Female,05/07/2005,469-714-9444,amuncer91@google.cn,Advertisement
1327,Quillan,Maffi,Male,10/23/1983,640-674-1654,qmaffi92@reverbnation.com,Word of Mouth
1328,Darci,Cappell,Female,12/21/1990,436-177-7177,dcappell93@admin.ch,Other
1329,Abba,Asling,Male,11/29/1997,612-779-2718,aasling94@squidoo.com,Google Maps
1330,Neile,Gormally,Female,07/20/1959,990-839-6917,ngormally95@google.com.hk,Other
1331,Ardeen,Haigh,Female,01/10/1974,993-127-4040,ahaigh96@sina.com.cn,Advertisement
1332,Demetria,Gehricke,Female,10/25/1980,296-718-3772,dgehricke97@washingtonpost.com,Advertisement
1333,Howey,Mc Carrick,Male,06/07/1990,230-405-7989,hmccarrick98@microsoft.com,Google Maps
1334,Matty,Antoniewski,Female,03/06/1999,666-611-7775,mantoniewski99@mayoclinic.com,Advertisement
1335,Grace,Brisco,Female,11/07/1975,974-883-4444,gbrisco9a@seattletimes.com,Word of Mouth
1336,Ellis,Rablin,Male,05/25/1968,251-413-5315,erablin9b@spotify.com,Word of Mouth
1337,Ambrose,Vasyunkin,Male,06/28/1976,119-258-7513,avasyunkin9c@istockphoto.com,Social Media
1338,Fredek,Dowdam,Male,05/16/1984,638-918-1994,fdowdam9d@youtu.be,Other
1339,Cesare,Pomfrey,Male,02/23/1979,335-270-2413,cpomfrey9e@goo.ne.jp,Advertisement
1340,Dermot,Castillou,Male,10/21/1985,498-547-4257,dcastillou9f@blogs.com,Advertisement
1341,Carter,Mursell,Male,08/03/1977,864-767-3834,cmursell9g@last.fm,Google Maps
1342,Jackie,Aveling,Male,04/28/1989,463-197-2481,javeling9h@studiopress.com,Social Media
1343,Emelina,Hawkey,Female,07/18/1997,610-867-8237,ehawkey9i@studiopress.com,Social Media
1344,Valentijn,Eberz,Male,08/29/1962,928-303-9516,veberz9j@is.gd,Social Media
1345,Claude,Kelner,Female,04/07/1969,317-920-9798,ckelner9k@taobao.com,Advertisement
1346,Hattie,Rylatt,Female,02/28/1980,864-979-8553,hrylatt9l@army.mil,Advertisement
1347,Cornie,Armsden,Female,05/24/1992,586-316-6269,carmsden9m@google.com,Word of Mouth
1348,Betsy,Gidley,Female,02/09/1993,308-898-8600,bgidley9n@zimbio.com,Word of Mouth
1349,Wallas,Ewols,Male,07/14/1990,339-416-0848,wewols9o@biglobe.ne.jp,Social Media
1350,Lynett,Griffitts,Agender,03/24/1989,298-441-5151,lgriffitts9p@scientificamerican.com,Social Media
1351,Montgomery,Sedger,Male,05/07/1958,732-187-1835,msedger9q@4shared.com,Google Maps
1352,Kevina,Woolfall,Female,02/27/1966,826-508-8417,kwoolfall9r@toplist.cz,Google Maps
1353,Ulysses,Smalman,Male,07/29/2001,110-784-5901,usmalman9s@chronoengine.com,Other
1354,Esta,Scurrell,Female,01/13/1997,460-201-8100,escurrell9t@tiny.cc,Social Media
1355,Bartholomeo,Greystoke,Male,09/24/1992,989-639-3111,bgreystoke9u@archive.org,Google Maps
1356,Lindsy,Wichard,Female,04/07/1973,789-962-4369,lwichard9v@nps.gov,Word of Mouth
1357,Issi,Tabourel,Female,10/29/1999,979-513-6965,itabourel9w@weather.com,Word of Mouth
1358,Erminie,Nellen,Female,01/01/2000,299-579-4230,enellen9x@oaic.gov.au,Word of Mouth
1359,Angus,Grafton,Male,03/21/1983,736-302-2636,agrafton9y@patch.com,Google Maps
1360,Stevana,Cutbirth,Female,07/18/1983,934-572-2236,scutbirth9z@pbs.org,Social Media
1361,Bram,Haffard,Male,08/24/1965,722-732-2624,bhaffarda0@gizmodo.com,Advertisement
1362,Hillery,Coneybeare,Male,07/14/2004,518-579-7296,hconeybearea1@clickbank.net,Google Maps
1363,Gun,Uglow,Male,06/07/1981,568-685-2801,guglowa2@yellowbook.com,Word of Mouth
1364,Beck,Hardy,Male,07/20/1981,651-860-4801,bhardya3@google.co.uk,Advertisement
1365,Caye,Zanitti,Female,06/15/1967,255-880-9618,czanittia4@youtu.be,Other
1366,Chrisy,Lynskey,Male,02/13/1966,491-167-6131,clynskeya5@ifeng.com,Social Media
1367,Hanan,Sparke,Male,04/22/2001,253-923-9966,hsparkea6@flavors.me,Word of Mouth
1368,Christie,Tees,Female,07/05/1991,857-706-7220,cteesa7@google.es,Word of Mouth
1369,Shepherd,Bernaert,Polygender,09/13/1968,263-671-5181,sbernaerta8@xrea.com,Google Maps
1370,Celka,Whalley,Female,06/21/2005,777-826-5232,cwhalleya9@twitpic.com,Social Media
1371,Lewes,Quidenham,Male,06/24/1997,934-261-2345,lquidenhamaa@woothemes.com,Other
1372,Lindy,Riha,Male,02/26/1973,464-721-9103,lrihaab@baidu.com,Word of Mouth
1373,Jennie,Spurritt,Female,07/17/2003,310-681-0546,jspurrittac@abc.net.au,Word of Mouth
1374,Lorrayne,Rimer,Female,08/02/1984,801-320-2970,lrimerad@booking.com,Advertisement
1375,Ced,Minnis,Male,06/04/1960,197-726-4177,cminnisae@deliciousdays.com,Social Media
1376,Maurits,Flaherty,Male,04/30/1985,801-731-9742,mflahertyaf@wix.com,Advertisement
1377,Nico,Schwier,Male,09/14/1997,356-966-7019,nschwierag@nps.gov,Word of Mouth
1378,Grayce,Croy,Genderqueer,04/04/1965,482-370-7389,gcroyah@smugmug.com,Word of Mouth
1379,Tabina,Bramelt,Female,08/26/1978,415-949-9380,tbrameltai@biblegateway.com,Advertisement
1380,Olav,Winfrey,Male,07/05/2006,550-583-7701,owinfreyaj@newyorker.com,Other
1381,Federica,Ducrow,Bigender,07/15/1987,222-986-7866,fducrowak@usnews.com,Google Maps
1382,Inger,Edelheit,Female,06/10/1958,573-370-1773,iedelheital@washingtonpost.com,Advertisement
1383,Minda,Geraldi,Female,04/15/1958,571-793-7959,mgeraldiam@joomla.org,Word of Mouth
1384,Mile,Banke,Male,05/27/1969,272-891-0090,mbankean@pinterest.com,Social Media
1385,Jasper,Pagram,Male,01/18/1999,834-404-8990,jpagramao@eepurl.com,Word of Mouth
1386,Brendan,Wennam,Male,07/08/2006,859-295-9644,bwennamap@squarespace.com,Advertisement
1387,Liuka,Esome,Female,12/12/1994,912-960-4601,lesomeaq@lycos.com,Social Media
1388,Krystal,Diego,Female,02/10/1958,512-843-1893,kdiegoar@addthis.com,Social Media
1389,Christoper,Meechan,Male,04/24/2007,501-231-9957,cmeechanas@jugem.jp,Social Media
1390,Car,Cawood,Male,06/22/1964,676-210-7798,ccawoodat@blinklist.com,Social Media
1391,Orrin,Stanyer,Male,05/20/2002,960-485-2533,ostanyerau@apple.com,Google Maps
1392,Kit,Warner,Male,02/25/1960,468-274-9275,kwarnerav@msn.com,Word of Mouth
1393,Mannie,Albin,Male,04/24/1958,946-497-3434,malbinaw@independent.co.uk,Other
1394,Jorgan,Ropp,Male,01/04/1996,895-404-5338,jroppax@baidu.com,Other
1395,Janeta,Laban,Female,04/08/1985,480-676-9772,jlabanay@usatoday.com,Google Maps
1396,Viva,Rosendahl,Non-binary,08/29/1976,771-187-8601,vrosendahlaz@yale.edu,Google Maps
1397,Dick,McLanaghan,Male,02/14/1999,857-195-5727,dmclanaghanb0@rakuten.co.jp,Word of Mouth
1398,Cyndie,Massingham,Female,03/14/1974,188-987-1877,cmassinghamb1@msu.edu,Social Media
1399,Wilow,Woolaston,Female,09/07/1994,390-152-1036,wwoolastonb2@nih.gov,Social Media
1400,Vail,Havers,Male,11/08/1971,924-569-8116,vhaversb3@statcounter.com,Social Media
1401,Allie,Fitzpatrick,Male,05/16/1977,361-114-7114,afitzpatrickb4@amazon.co.uk,Word of Mouth
1402,Linc,Guidelli,Male,07/20/1988,898-204-5818,lguidellib5@harvard.edu,Google Maps
1403,Codee,Sinkinson,Female,07/02/1978,242-112-0807,csinkinsonb6@lycos.com,Word of Mouth
1404,Gavrielle,O'Carney,Genderqueer,06/16/1995,401-783-1221,gocarneyb7@dailymotion.com,Google Maps
1405,Elijah,Kirvin,Male,05/01/2008,869-681-2762,ekirvinb8@indiegogo.com,Advertisement
1406,Hastie,Trippitt,Male,12/19/1971,700-184-3625,htrippittb9@mit.edu,Word of Mouth
1407,Tallia,Dunsire,Female,10/18/2005,538-545-1733,tdunsireba@tinypic.com,Google Maps
1408,Fernando,Gregorowicz,Male,10/30/1994,819-920-5863,fgregorowiczbb@biglobe.ne.jp,Advertisement
1409,Morry,Purshouse,Male,12/08/1963,987-657-5409,mpurshousebc@surveymonkey.com,Advertisement
1410,Rey,Gater,Polygender,09/15/1973,123-364-5919,rgaterbd@microsoft.com,Other
1411,Lulita,Minchenton,Female,07/06/1975,415-953-7973,lminchentonbe@blinklist.com,Social Media
1412,Becka,Pittoli,Female,06/17/2000,908-371-1814,bpittolibf@linkedin.com,Social Media
1413,Fulton,Baswall,Male,06/18/1959,846-216-9089,fbaswallbg@wp.com,Social Media
1414,Blondie,Snepp,Female,05/28/1960,189-351-5753,bsneppbh@theguardian.com,Social Media
1415,Osborn,Ellis,Male,10/10/1960,933-851-8394,oellisbi@hibu.com,Social Media
1416,Romola,Robers,Female,01/24/1994,880-882-9152,rrobersbj@google.ru,Word of Mouth
1417,Ike,Bateup,Non-binary,07/17/1966,772-338-9403,ibateupbk@census.gov,Word of Mouth
1418,Elia,Wardingly,Male,10/24/1966,997-215-8719,ewardinglybl@tinyurl.com,Google Maps
1419,Arie,Harmston,Male,02/25/2006,814-344-7504,aharmstonbm@wp.com,Social Media
1420,Remington,Gore,Male,05/04/1968,852-861-4568,rgorebn@gnu.org,Word of Mouth
1421,Rockie,Detoc,Male,04/09/1987,461-510-6669,rdetocbo@hao123.com,Advertisement
1422,Onfroi,GiacobbiniJacob,Male,03/13/1998,814-789-3741,ogiacobbinijacobbp@smh.com.au,Social Media
1423,Nick,Coppard,Male,04/02/1971,708-398-5998,ncoppardbq@devhub.com,Google Maps
1424,Lauren,Burgin,Male,02/12/1988,982-763-3965,lburginbr@blinklist.com,Social Media
1425,Ailyn,Dory,Female,04/26/1971,447-634-5467,adorybs@sakura.ne.jp,Advertisement
1426,Zonnya,Poncet,Female,02/27/1969,865-800-0395,zponcetbt@jimdo.com,Word of Mouth
1427,Corbet,Turneaux,Male,07/26/1993,548-377-8279,cturneauxbu@ocn.ne.jp,Word of Mouth
1428,Ransom,Durrand,Male,09/28/1980,740-370-9740,rdurrandbv@webeden.co.uk,Social Media
1429,Briana,Manueau,Female,07/18/2003,332-850-3419,bmanueaubw@umn.edu,Social Media
1430,Aloysia,Thomelin,Female,05/10/1984,655-608-9509,athomelinbx@soup.io,Other
1431,Kissiah,Sivell,Female,07/04/2001,495-750-6867,ksivellby@etsy.com,Social Media
1432,Rolph,Henricsson,Male,04/10/1978,402-453-4201,rhenricssonbz@shop-pro.jp,Social Media
1433,Nehemiah,Kettow,Male,04/28/1975,217-634-0065,nkettowc0@printfriendly.com,Other
1434,Xavier,Hoxey,Male,03/09/2003,153-990-1379,xhoxeyc1@diigo.com,Social Media
1435,Franky,Lembke,Male,06/12/2004,212-753-6684,flembkec2@shinystat.com,Word of Mouth
1436,Klaus,Mereweather,Male,04/02/1971,140-846-4038,kmereweatherc3@yahoo.co.jp,Google Maps
1437,Giavani,Deveral,Male,04/30/1975,177-604-5246,gdeveralc4@engadget.com,Word of Mouth
1438,Tristan,Peartree,Male,05/22/1996,914-614-7452,tpeartreec5@mit.edu,Social Media
1439,Ashbey,Mounsey,Genderfluid,12/04/1959,475-643-5181,amounseyc6@usa.gov,Word of Mouth
1440,Kennie,Roan,Male,06/01/2004,447-126-6457,kroanc7@businessweek.com,Other
1441,Cathie,Gummoe,Female,11/22/1985,336-772-3484,cgummoec8@wp.com,Social Media
1442,Duky,Tanfield,Male,12/05/1968,452-517-2054,dtanfieldc9@deviantart.com,Google Maps
1443,Inesita,Dilworth,Non-binary,05/26/1967,782-246-2164,idilworthca@harvard.edu,Social Media
1444,Graehme,Brolan,Male,03/08/2001,319-133-3894,gbrolancb@reverbnation.com,Google Maps
1445,Aili,Pinches,Female,06/25/2003,393-302-8109,apinchescc@jugem.jp,Word of Mouth
1446,Randolph,St Clair,Male,02/02/1994,245-373-3104,rstclaircd@ted.com,Word of Mouth
1447,Arly,Boscott,Female,07/15/1998,292-940-9161,aboscottce@linkedin.com,Google Maps
1448,Jarred,Breckwell,Male,01/17/1993,929-345-2194,jbreckwellcf@dailymotion.com,Social Media
1449,Timothy,Fontelles,Agender,06/07/1990,184-477-2254,tfontellescg@unc.edu,Word of Mouth
1450,Giustina,Radborn,Female,04/17/1967,695-102-7462,gradbornch@w3.org,Advertisement
1451,Kara,Crosskell,Female,03/10/1969,867-451-4475,kcrosskellci@seattletimes.com,Word of Mouth
1452,Milzie,Langsbury,Genderqueer,08/12/1974,999-756-4833,mlangsburycj@toplist.cz,Social Media
1453,Lilllie,Brelsford,Female,06/14/2005,940-668-8619,lbrelsfordck@feedburner.com,Social Media
1454,Aeriel,Dawdry,Female,12/25/1958,801-859-2903,adawdrycl@cnn.com,Social Media
1455,Ugo,Clerk,Male,05/27/2003,931-715-1394,uclerkcm@amazon.com,Advertisement
1456,Neala,Kermitt,Female,03/05/1989,671-410-8468,nkermittcn@archive.org,Social Media
1457,Zorine,Tatterton,Female,12/30/1996,709-367-6024,ztattertonco@webs.com,Advertisement
1458,Edlin,Pavese,Genderqueer,06/17/1985,408-870-4303,epavesecp@slashdot.org,Advertisement
1459,Ebonee,Doe,Agender,01/23/1994,589-600-8849,edoecq@samsung.com,Word of Mouth
1460,Desdemona,Canet,Female,10/02/2000,206-185-9473,dcanetcr@ibm.com,Social Media
1461,Anthony,Gernier,Male,02/20/1962,579-323-9407,agerniercs@fotki.com,Advertisement
1462,Tadeo,Massinger,Male,06/29/2006,277-764-4545,tmassingerct@goo.gl,Other
1463,Stevie,Howsden,Male,07/08/1966,220-445-7315,showsdencu@hugedomains.com,Social Media
1464,Zane,Jillett,Male,04/25/2003,417-112-5425,zjillettcv@hatena.ne.jp,Social Media
1465,Orazio,Chown,Male,09/10/1996,208-294-4589,ochowncw@boston.com,Advertisement
1466,Elvira,Pree,Female,06/04/2009,317-568-9063,epreecx@google.it,Advertisement
1467,Sinclair,Fullwood,Male,07/05/1998,145-427-9189,sfullwoodcy@1688.com,Social Media
1468,Joyan,Habden,Female,01/10/1984,504-387-2930,jhabdencz@seattletimes.com,Word of Mouth
1469,Link,Seville,Male,02/25/1992,942-792-5313,lsevilled0@imageshack.us,Advertisement
1470,Eldridge,Berndtsson,Male,11/03/1960,132-962-4060,eberndtssond1@goo.ne.jp,Social Media
1471,Tiena,Verzey,Female,11/28/1988,361-370-6164,tverzeyd2@hatena.ne.jp,Word of Mouth
1472,Scarlett,Dunbar,Female,04/17/1973,215-370-2178,sdunbard3@senate.gov,Social Media
1473,Farrell,Sanzio,Male,08/29/1973,212-268-4695,fsanziod4@netscape.com,Advertisement
1474,Jacquenetta,Maffey,Female,08/21/2006,506-125-3393,jmaffeyd5@bbb.org,Word of Mouth
1475,Wilow,Daal,Female,06/28/1991,610-564-3373,wdaald6@1688.com,Social Media
1476,Cyril,Lentsch,Male,01/25/1987,178-536-2996,clentschd7@sakura.ne.jp,Word of Mouth
1477,Gretta,Peealess,Female,01/17/1977,903-683-0819,gpeealessd8@columbia.edu,Word of Mouth
1478,Ailbert,Hambelton,Male,04/12/1965,514-970-9895,ahambeltond9@mysql.com,Google Maps
1479,Don,Dedrick,Male,11/22/1987,276-287-5583,ddedrickda@ask.com,Advertisement
1480,Orren,Guion,Male,07/17/1999,879-420-7331,oguiondb@facebook.com,Google Maps
1481,Madge,Boxe,Female,01/26/1993,358-417-7283,mboxedc@nydailynews.com,Other
1482,Jeana,Pablos,Female,07/30/2008,950-940-1475,jpablosdd@samsung.com,Word of Mouth
1483,Shelden,Bilton,Male,08/10/1966,547-301-6320,sbiltonde@go.com,Social Media
1484,Morlee,Bandiera,Male,06/19/1969,440-199-0615,mbandieradf@liveinternet.ru,Word of Mouth
1485,Lothario,Longbothom,Male,12/09/2006,276-286-1777,llongbothomdg@wp.com,Word of Mouth
1486,Fredelia,Caze,Female,12/01/1976,877-247-2604,fcazedh@wisc.edu,Other
1487,Ardyth,Vasyushkhin,Genderqueer,11/11/1976,206-482-4613,avasyushkhindi@domainmarket.com,Social Media
1488,Ardene,Frotton,Female,01/09/1992,647-592-1986,afrottondj@dell.com,Google Maps
1489,Jo,Tilbey,Female,12/05/1981,167-399-5128,jtilbeydk@slideshare.net,Social Media
1490,Maire,Gogie,Female,05/26/1969,609-426-4485,mgogiedl@upenn.edu,Social Media
1491,Polly,Haile,Female,08/20/2005,746-643-1192,phailedm@walmart.com,Word of Mouth
1492,Welch,Woodstock,Male,01/27/1996,439-703-4164,wwoodstockdn@oakley.com,Google Maps
1493,Dyane,Ianelli,Genderqueer,03/03/1984,538-764-7542,dianellido@purevolume.com,Word of Mouth
1494,Lelah,Fitchett,Female,06/21/1964,252-331-9669,lfitchettdp@marriott.com,Word of Mouth
1495,Breena,Adolf,Female,02/28/1973,940-817-1216,badolfdq@squarespace.com,Social Media
1496,Elvis,Kretchmer,Male,06/27/1995,407-485-1520,ekretchmerdr@npr.org,Advertisement
1497,Rosa,Bettam,Female,01/17/1968,306-242-4602,rbettamds@example.com,Word of Mouth
1498,Maryrose,Spring,Female,03/11/1989,385-145-1522,mspringdt@icq.com,Other
1499,Walton,Wellfare,Male,04/13/1994,880-107-6919,wwellfaredu@youtube.com,Social Media
1500,Annadiane,Filchagin,Female,01/01/1983,621-293-6704,afilchagindv@kickstarter.com,Advertisement
1501,Cordy,Creser,Female,08/30/2006,146-168-7405,ccreserdw@ebay.co.uk,Advertisement
1502,Cody,Noni,Female,01/18/1967,175-472-3892,cnonidx@boston.com,Social Media
1503,Paco,Axelby,Male,02/18/1975,953-732-8932,paxelbydy@stumbleupon.com,Social Media
1504,Kerrin,Boog,Polygender,01/24/1984,955-569-0676,kboogdz@bbb.org,Google Maps
1505,Roderich,Coger,Male,09/16/1963,190-306-6272,rcogere0@nih.gov,Social Media
1506,Woodman,Finding,Male,12/07/1979,926-331-9724,wfindinge1@angelfire.com,Social Media
1507,Neale,Poulgreen,Male,10/28/2005,825-726-1053,npoulgreene2@yandex.ru,Social Media
1508,Mathew,Garatty,Male,08/26/2002,202-428-4634,mgarattye3@go.com,Word of Mouth
1509,Karlik,Serfati,Male,01/22/1964,705-597-0584,kserfatie4@live.com,Social Media
1510,Shellysheldon,Caton,Male,01/21/1974,997-569-5803,scatone5@aboutads.info,Advertisement
1511,Lolita,Abisetti,Female,08/28/1965,612-919-3090,labisettie6@stumbleupon.com,Social Media
1512,Edvard,Edscer,Male,06/04/1981,388-164-0626,eedscere7@boston.com,Word of Mouth
1513,Barrie,Fynes,Male,12/15/1992,259-952-2588,bfynese8@bbb.org,Word of Mouth
1514,Kaine,Bairnsfather,Male,12/16/1977,509-809-5910,kbairnsfathere9@stumbleupon.com,Social Media
1515,Darice,Ashness,Female,06/29/2003,556-661-0692,dashnessea@ifeng.com,Advertisement
1516,Ximenez,Keuntje,Male,05/30/1988,152-668-4044,xkeuntjeeb@ask.com,Social Media
1517,Krysta,Catcherside,Female,09/22/1977,937-613-9112,kcatchersideec@nbcnews.com,Advertisement
1518,Kassia,Armistead,Female,01/16/1994,136-870-0573,karmisteaded@multiply.com,Social Media
1519,Melonie,Leport,Female,05/19/1981,711-828-9723,mleportee@uol.com.br,Advertisement
1520,Evangeline,Dymocke,Female,09/05/1975,913-279-4318,edymockeef@dot.gov,Advertisement
1521,Fred,Saltwell,Male,04/14/1965,165-162-6846,fsaltwelleg@blogtalkradio.com,Word of Mouth
1522,Tori,Tolhurst,Female,03/11/1979,586-682-3532,ttolhursteh@thetimes.co.uk,Advertisement
1523,Babara,Cluatt,Female,08/03/1989,915-114-9063,bcluattei@github.com,Word of Mouth
1524,Latashia,Leppington,Female,03/26/1989,356-862-8047,lleppingtonej@cisco.com,Social Media
1525,Lind,Bown,Male,09/20/1988,498-952-0030,lbownek@addthis.com,Advertisement
1526,Mirabelle,Dunkerly,Female,04/09/1966,565-708-4374,mdunkerlyel@economist.com,Other
1527,Bevin,Holley,Male,05/07/1999,247-167-7326,bholleyem@rakuten.co.jp,Social Media
1528,Lloyd,Aubury,Male,09/12/1965,894-791-4509,lauburyen@51.la,Word of Mouth
1529,Maude,Benny,Female,07/03/1979,686-889-3364,mbennyeo@indiatimes.com,Social Media
1530,Kristos,Acory,Male,02/26/1991,403-552-3733,kacoryep@goodreads.com,Word of Mouth
1531,Gearalt,Mitton,Male,07/05/2004,562-931-8651,gmittoneq@hugedomains.com,Word of Mouth
1532,Dawn,Forsaith,Bigender,11/07/1997,530-760-1822,dforsaither@un.org,Social Media
1533,Seumas,Pardew,Male,12/26/1977,532-677-3809,spardewes@canalblog.com,Other
1534,Antonino,Gilli,Male,01/24/1992,239-777-0708,agilliet@hc360.com,Word of Mouth
1535,Nita,Glander,Female,05/20/1988,423-629-1469,nglandereu@exblog.jp,Other
1536,Scotti,Angell,Male,03/27/1991,215-311-0737,sangellev@ycombinator.com,Word of Mouth
1537,Arluene,Maes,Genderfluid,11/03/1992,797-602-6645,amaesew@comcast.net,Social Media
1538,Ax,Brookwood,Male,04/03/1960,659-824-0262,abrookwoodex@nifty.com,Social Media
1539,Dwain,Kolushev,Male,09/15/1968,112-635-8117,dkolushevey@mediafire.com,Other
1540,Peta,Grealish,Female,07/11/1983,240-577-3553,pgrealishez@eepurl.com,Word of Mouth
1541,Carlyn,Matveyev,Female,06/13/2001,613-451-2276,cmatveyevf0@netlog.com,Word of Mouth
1542,Raimund,Riceards,Non-binary,04/07/1976,968-455-0077,rriceardsf1@mysql.com,Word of Mouth
1543,Cherry,Ullyatt,Genderfluid,10/14/1973,844-454-1967,cullyattf2@state.gov,Word of Mouth
1544,Syman,Redborn,Male,08/22/1964,922-474-7731,sredbornf3@lulu.com,Social Media
1545,Brigida,Robeson,Female,09/21/1999,104-275-9942,brobesonf4@wordpress.com,Word of Mouth
1546,Carlene,Bottomer,Female,07/30/1992,622-565-6810,cbottomerf5@loc.gov,Social Media
1547,Ransell,Hyams,Male,02/19/1992,561-715-7442,rhyamsf6@tiny.cc,Word of Mouth
1548,Philip,Povele,Male,05/21/1973,515-432-3892,ppovelef7@sohu.com,Advertisement
1549,Even,Beetlestone,Male,12/05/1989,479-647-1153,ebeetlestonef8@multiply.com,Social Media
1550,Leonidas,Loxton,Male,02/19/1973,761-473-1638,lloxtonf9@nhs.uk,Word of Mouth
1551,Bess,Barnish,Female,02/04/1994,531-262-2033,bbarnishfa@thetimes.co.uk,Word of Mouth
1552,Brand,Barbosa,Male,04/08/1995,547-122-5548,bbarbosafb@netlog.com,Word of Mouth
1553,Nil,Ponceford,Male,08/22/1981,776-736-1971,nponcefordfc@bandcamp.com,Social Media
1554,Kermie,Rebeiro,Male,09/27/1963,805-852-7021,krebeirofd@imageshack.us,Word of Mouth
1555,Domingo,Boord,Male,01/17/1972,552-662-5644,dboordfe@nyu.edu,Other
1556,Cristina,Dinnage,Female,12/13/2005,358-598-8628,cdinnageff@sfgate.com,Word of Mouth
1557,Otho,Berzins,Male,10/29/1973,898-593-2986,oberzinsfg@ibm.com,Social Media
1558,Chrissy,Jukes,Female,11/14/1961,319-410-6074,cjukesfh@spotify.com,Social Media
1559,Jannel,Sarll,Female,04/06/1998,740-408-0263,jsarllfi@psu.edu,Social Media
1560,Stevie,Roose,Male,12/16/1984,325-922-9816,sroosefj@sciencedaily.com,Word of Mouth
1561,Josselyn,Chyuerton,Female,09/05/1963,472-142-8418,jchyuertonfk@narod.ru,Word of Mouth
1562,Gerry,Andrault,Female,12/15/1995,209-150-2930,gandraultfl@amazon.de,Social Media
1563,Brianna,Spino,Female,02/21/1979,450-827-6791,bspinofm@reverbnation.com,Social Media
1564,Caritta,Hamor,Female,08/18/1991,921-119-3684,chamorfn@surveymonkey.com,Other
1565,Gabi,Casaroli,Genderfluid,02/24/1961,986-737-2647,gcasarolifo@chron.com,Google Maps
1566,Valentijn,McCotter,Male,12/13/1989,282-707-6976,vmccotterfp@nba.com,Social Media
1567,Bobby,Davies,Male,11/12/1973,373-603-2616,bdaviesfq@usnews.com,Social Media
1568,Gale,Andren,Female,03/27/1967,243-219-9528,gandrenfr@1und1.de,Social Media
1569,Paxton,Yurikov,Male,06/20/1967,192-189-9306,pyurikovfs@angelfire.com,Advertisement
1570,Sapphire,Thynne,Female,08/24/1959,462-931-6301,sthynneft@usnews.com,Word of Mouth
1571,Alfreda,O'Malley,Female,06/23/2003,594-305-2593,aomalleyfu@nymag.com,Word of Mouth
1572,Artur,Rolland,Male,01/31/2004,132-363-8642,arollandfv@naver.com,Social Media
1573,Dotty,Exell,Female,10/15/1980,189-944-6844,dexellfw@cbsnews.com,Social Media
1574,Dolli,Kondratenya,Female,06/04/1996,662-242-9407,dkondratenyafx@nyu.edu,Social Media
1575,Ebba,Brolan,Female,02/12/2004,857-279-4879,ebrolanfy@ucoz.com,Word of Mouth
1576,Baxie,McCumesky,Male,01/01/1995,889-827-5230,bmccumeskyfz@theguardian.com,Other
1577,Casandra,Gecks,Female,05/09/1969,219-113-3266,cgecksg0@free.fr,Social Media
1578,Pinchas,Pulster,Male,07/30/1969,349-936-9402,ppulsterg1@mtv.com,Social Media
1579,Lotta,Baccas,Female,05/08/1962,865-602-1767,lbaccasg2@over-blog.com,Advertisement
1580,Lutero,Poundsford,Male,10/12/1987,899-767-6763,lpoundsfordg3@seesaa.net,Social Media
1581,Zane,Fromant,Male,02/19/1960,471-610-2537,zfromantg4@businessweek.com,Word of Mouth
1582,Joellen,Gibbie,Female,12/06/1958,435-294-9139,jgibbieg5@independent.co.uk,Other
1583,Arlee,Culcheth,Female,12/12/1959,722-759-4276,aculchethg6@slate.com,Word of Mouth
1584,Shaun,Beeching,Female,09/07/2000,799-457-3157,sbeechingg7@miibeian.gov.cn,Social Media
1585,Lester,Basey,Male,09/03/2006,727-765-3850,lbaseyg8@pen.io,Social Media
1586,Decca,Gillaspy,Male,12/08/1960,259-354-9204,dgillaspyg9@earthlink.net,Social Media
1587,Fionnula,McGriele,Female,06/15/1990,478-566-1172,fmcgrielega@com.com,Word of Mouth
1588,Hansiain,Ferfulle,Male,04/27/1981,441-163-8568,hferfullegb@technorati.com,Other
1589,Tomasina,McPake,Female,05/02/1969,989-576-9707,tmcpakegc@angelfire.com,Advertisement
1590,Lulu,Cropper,Polygender,12/24/1981,707-417-3821,lcroppergd@woothemes.com,Other
1591,Ardene,Falconbridge,Female,11/27/1983,612-212-3055,afalconbridgege@army.mil,Social Media
1592,Thomasine,Heartfield,Female,07/10/1994,248-976-3335,theartfieldgf@tinypic.com,Advertisement
1593,Bess,McGuire,Female,11/01/2008,928-402-3699,bmcguiregg@addtoany.com,Other
1594,Harcourt,Haycock,Male,02/03/1985,831-805-0424,hhaycockgh@theatlantic.com,Social Media
1595,Adrianna,Ericssen,Female,04/13/1960,931-672-7827,aericssengi@hhs.gov,Social Media
1596,Chrisse,Anfossi,Agender,11/18/1996,517-681-0275,canfossigj@google.com.au,Word of Mouth
1597,Killian,Trevor,Male,06/18/1998,580-408-7713,ktrevorgk@sogou.com,Word of Mouth
1598,Shem,Quiddington,Male,05/22/1997,291-782-3546,squiddingtongl@xing.com,Word of Mouth
1599,Stacy,Hoyte,Male,04/28/1962,787-294-5564,shoytegm@google.nl,Word of Mouth
1600,Conchita,Acum,Female,08/16/1981,745-252-8702,cacumgn@un.org,Word of Mouth
1601,Kinsley,Berisford,Male,03/18/1964,794-297-6266,kberisfordgo@ucoz.ru,Social Media
1602,Petronella,Sinnett,Female,01/04/1988,586-672-0284,psinnettgp@si.edu,Advertisement
1603,Goldie,MacCallester,Female,01/02/1999,287-807-4800,gmaccallestergq@merriam-webster.com,Word of Mouth
1604,Star,Calfe,Female,06/06/2000,299-467-0142,scalfegr@wp.com,Advertisement
1605,Shana,Gittoes,Female,09/24/1991,112-370-8445,sgittoesgs@boston.com,Other
1606,Bobine,Cortnay,Female,06/01/1994,449-758-5785,bcortnaygt@unicef.org,Word of Mouth
1607,Rickert,Minty,Male,11/25/1968,666-137-8146,rmintygu@buzzfeed.com,Social Media
1608,Onfroi,Garfoot,Male,02/02/1979,621-179-6536,ogarfootgv@cpanel.net,Word of Mouth
1609,Trumaine,Ricketts,Male,06/09/1958,597-875-7281,trickettsgw@howstuffworks.com,Advertisement
1610,Tasha,Camsey,Female,03/24/1963,570-535-1435,tcamseygx@nifty.com,Social Media
1611,Bertie,Viste,Female,05/27/1982,938-183-6697,bvistegy@mayoclinic.com,Google Maps
1612,Arturo,Toner,Male,05/18/1963,243-518-3042,atonergz@etsy.com,Other
1613,Ginelle,Soall,Female,05/06/1963,389-513-6328,gsoallh0@phpbb.com,Word of Mouth
1614,Carlin,Tremelling,Agender,04/24/1989,119-303-8508,ctremellingh1@umn.edu,Other
1615,Zachariah,Klammt,Polygender,12/26/1979,482-155-8788,zklammth2@photobucket.com,Social Media
1616,Helsa,Scott,Female,09/04/1967,690-326-0803,hscotth3@t.co,Social Media
1617,Cchaddie,Fernyhough,Male,09/26/1969,528-648-2240,cfernyhoughh4@squarespace.com,Word of Mouth
1618,Drusie,Pieche,Female,09/02/1964,332-380-8139,dpiecheh5@nationalgeographic.com,Word of Mouth
1619,Pauly,Bridson,Male,10/07/1964,681-542-4560,pbridsonh6@ox.ac.uk,Other
1620,Gerhard,Tregunnah,Male,04/04/1977,916-598-8968,gtregunnahh7@spiegel.de,Social Media
1621,Corissa,Feldon,Female,08/04/1977,816-851-6104,cfeldonh8@utexas.edu,Social Media
1622,Kamilah,Sawforde,Female,07/11/1992,475-806-0474,ksawfordeh9@weebly.com,Word of Mouth
1623,Nester,Cleere,Male,05/24/2005,859-505-1131,ncleereha@huffingtonpost.com,Other
1624,Adah,Egarr,Female,10/17/1958,107-996-4268,aegarrhb@imdb.com,Google Maps
1625,Edgar,Siemianowicz,Male,08/15/1972,836-237-2262,esiemianowiczhc@123-reg.co.uk,Social Media
1626,Ritchie,Nystrom,Male,12/03/1964,962-217-8445,rnystromhd@symantec.com,Other
1627,Kev,Sevitt,Bigender,09/04/1973,737-413-1411,ksevitthe@mozilla.com,Word of Mouth
1628,Kellen,Palethorpe,Female,12/19/1962,419-966-5659,kpalethorpehf@nydailynews.com,Word of Mouth
1629,Virginie,Oakes,Female,02/16/1992,973-800-9115,voakeshg@rambler.ru,Word of Mouth
1630,Rena,Extill,Female,03/06/2007,743-197-4979,rextillhh@shop-pro.jp,Advertisement
1631,Audre,Gee,Non-binary,09/01/1965,407-422-9373,ageehi@dedecms.com,Word of Mouth
1632,Ardis,Haggleton,Female,10/07/2009,847-427-1035,ahaggletonhj@mozilla.com,Social Media
1633,Marcelo,Bauser,Male,11/21/1977,156-274-0584,mbauserhk@oracle.com,Google Maps
1634,Zara,Anthill,Female,05/10/1982,100-726-2368,zanthillhl@weibo.com,Social Media
1635,Hunter,Carcas,Genderfluid,10/30/1961,879-847-1371,hcarcashm@independent.co.uk,Word of Mouth
1636,Rey,Bigham,Female,01/27/1976,289-932-8305,rbighamhn@hud.gov,Social Media
1637,Claudianus,Charon,Male,04/05/1989,321-766-6872,ccharonho@geocities.com,Word of Mouth
1638,Lucian,Ripley,Male,07/11/1999,475-742-9735,lripleyhp@smh.com.au,Social Media
1639,Hendrick,Maffeo,Male,01/09/1998,435-549-9445,hmaffeohq@tripod.com,Word of Mouth
1640,Ber,Spencock,Genderqueer,03/12/1970,423-767-6664,bspencockhr@networkadvertising.org,Advertisement
1641,Hester,Sommerland,Female,08/12/1978,133-714-7453,hsommerlandhs@rakuten.co.jp,Other
1642,Cthrine,Haken,Genderfluid,04/13/1981,293-212-2279,chakenht@hubpages.com,Word of Mouth
1643,Ulrich,A'Barrow,Male,06/01/1999,265-585-3641,uabarrowhu@craigslist.org,Word of Mouth
1644,Kristopher,Bodechon,Male,05/18/1961,664-227-7821,kbodechonhv@ucla.edu,Word of Mouth
1645,Crystie,Tredgold,Female,04/23/1970,884-894-3085,ctredgoldhw@yahoo.com,Advertisement
1646,Tersina,Carratt,Female,11/29/2006,470-562-1072,tcarratthx@mapy.cz,Google Maps
1647,Melicent,Olive,Female,10/06/1992,290-166-9393,molivehy@baidu.com,Google Maps
1648,Garry,Fairney,Male,06/01/1985,312-689-4817,gfairneyhz@dailymotion.com,Word of Mouth
1649,Abbi,Llewellin,Female,03/31/1994,395-212-8936,allewellini0@huffingtonpost.com,Other
1650,Burk,Tilliard,Male,02/21/1991,271-227-1298,btilliardi1@state.tx.us,Social Media
1651,Gherardo,Spritt,Male,02/27/1999,625-282-6478,gspritti2@jigsy.com,Other
1652,Royall,Hriinchenko,Genderqueer,10/10/1973,479-120-8029,rhriinchenkoi3@nifty.com,Word of Mouth
1653,Jonathon,Stubbley,Male,08/01/1987,557-863-9339,jstubbleyi4@whitehouse.gov,Word of Mouth
1654,Fredra,Walsh,Female,07/24/1985,571-927-8340,fwalshi5@seattletimes.com,Word of Mouth
1655,Whitney,Yglesia,Male,03/06/2002,647-136-4139,wyglesiai6@nps.gov,Advertisement
1656,Darlene,Woodhall,Female,04/13/1989,134-568-4103,dwoodhalli7@artisteer.com,Word of Mouth
1657,Linzy,O' Flaherty,Female,05/12/1999,513-343-1935,loflahertyi8@oakley.com,Advertisement
1658,Merle,Mallia,Female,04/27/1988,179-500-4164,mmalliai9@google.fr,Advertisement
1659,Cassaundra,O'Hartnedy,Female,09/08/1964,996-182-2419,cohartnedyia@reverbnation.com,Advertisement
1660,Sigfried,Pirouet,Male,06/21/2004,128-933-6546,spirouetib@yellowpages.com,Word of Mouth
1661,Austina,Emanuelov,Female,02/04/1992,525-600-3451,aemanuelovic@chronoengine.com,Social Media
1662,Tisha,Pottell,Female,04/16/1999,515-121-4671,tpottellid@chicagotribune.com,Advertisement
1663,Thedrick,Maslen,Male,06/19/1978,654-778-0708,tmaslenie@google.fr,Word of Mouth
1664,Lolita,Donan,Female,03/13/1966,825-702-7963,ldonanif@seesaa.net,Advertisement
1665,Alica,Say,Female,04/24/1996,544-288-3251,asayig@devhub.com,Social Media
1666,Janean,Caron,Female,09/11/2005,691-318-4157,jcaronih@walmart.com,Word of Mouth
1667,Fletch,Petyankin,Male,01/02/2007,629-206-8026,fpetyankinii@indiegogo.com,Social Media
1668,Clo,Gerardet,Female,10/07/1994,801-290-9859,cgerardetij@rakuten.co.jp,Advertisement
1669,Mallory,Gitting,Male,04/27/1983,273-372-2277,mgittingik@t.co,Social Media
1670,Frederigo,Dunford,Male,07/23/1986,403-744-4727,fdunfordil@sbwire.com,Other
1671,Trace,Stanlike,Male,04/16/1977,210-981-1724,tstanlikeim@earthlink.net,Advertisement
1672,Alla,Sanderson,Female,06/01/2003,268-239-3823,asandersonin@behance.net,Other
1673,Teddie,Doby,Male,04/08/1974,573-495-8273,tdobyio@goo.gl,Social Media
1674,Nonah,Mico,Female,12/08/1982,560-540-0606,nmicoip@samsung.com,Other
1675,Lotti,Unworth,Agender,06/04/1968,806-706-2942,lunworthiq@cnn.com,Other
1676,Duffie,Naish,Male,03/28/1990,476-227-6845,dnaishir@purevolume.com,Word of Mouth
1677,Kali,Colgrave,Female,10/20/1996,842-258-2353,kcolgraveis@merriam-webster.com,Word of Mouth
1678,Silvester,Beckinsall,Male,12/26/1986,353-487-9079,sbeckinsallit@friendfeed.com,Advertisement
1679,Mason,Bugler,Male,10/04/2005,588-341-1491,mbugleriu@lulu.com,Word of Mouth
1680,Barret,Woodyer,Male,12/03/1964,631-124-7119,bwoodyeriv@businessinsider.com,Word of Mouth
1681,Atlanta,Goodbarr,Female,02/18/1988,292-101-2445,agoodbarriw@eepurl.com,Google Maps
1682,Anastasie,Gecks,Female,02/12/1994,902-922-4512,agecksix@cornell.edu,Advertisement
1683,Grier,Edis,Female,09/29/1998,580-730-5456,gedisiy@theglobeandmail.com,Social Media
1684,Brion,Braddock,Male,10/04/1975,641-935-1904,bbraddockiz@admin.ch,Social Media
1685,Marlie,Callery,Female,09/30/1962,429-301-0062,mcalleryj0@bloglines.com,Word of Mouth
1686,Debee,Gebhardt,Female,07/03/1990,762-737-0685,dgebhardtj1@icq.com,Google Maps
1687,Obidiah,Glauber,Male,03/22/1962,873-645-7276,oglauberj2@issuu.com,Other
1688,Shelton,Chalk,Male,03/14/2005,720-774-8544,schalkj3@instagram.com,Google Maps
1689,Valma,Gutans,Female,01/29/1969,896-475-4610,vgutansj4@tripadvisor.com,Google Maps
1690,Shaun,Kobera,Female,07/09/2000,871-489-4783,skoberaj5@youtu.be,Advertisement
1691,Tracy,Guilder,Male,05/12/2005,979-569-0176,tguilderj6@cmu.edu,Word of Mouth
1692,Abbott,Coldrick,Male,07/21/1972,771-531-9084,acoldrickj7@dion.ne.jp,Social Media
1693,Ariel,Hoodspeth,Genderqueer,06/24/1995,644-129-3646,ahoodspethj8@pen.io,Social Media
1694,Morgen,Hendricks,Male,09/29/1964,613-458-3738,mhendricksj9@vk.com,Google Maps
1695,Maddie,Cherm,Female,11/08/1980,939-198-1171,mchermja@wisc.edu,Social Media
1696,Mickey,Verchambre,Male,10/27/2004,805-498-2627,mverchambrejb@w3.org,Advertisement
1697,Saree,Andrews,Female,09/21/1971,540-143-4958,sandrewsjc@goo.ne.jp,Word of Mouth
1698,Theadora,Eliff,Female,12/04/1985,128-260-0404,teliffjd@sciencedirect.com,Social Media
1699,Kelcie,Clemow,Female,03/21/2003,156-326-7500,kclemowje@loc.gov,Social Media
1700,Hanson,Sallows,Male,07/13/1999,792-800-1548,hsallowsjf@merriam-webster.com,Word of Mouth
1701,Corrie,Wallbridge,Genderfluid,04/13/1999,672-546-6694,cwallbridgejg@webmd.com,Advertisement
1702,Genovera,Cure,Female,08/08/1971,830-727-4600,gcurejh@oaic.gov.au,Google Maps
1703,Rosalie,Phippin,Female,09/20/2001,720-688-1681,rphippinji@usgs.gov,Google Maps
1704,Tana,Raithbie,Female,09/29/1984,487-607-6858,traithbiejj@nhs.uk,Social Media
1705,Dione,Gooly,Female,10/11/1976,304-135-9223,dgoolyjk@disqus.com,Word of Mouth
1706,Jennica,Fox,Female,02/24/1978,947-941-8158,jfoxjl@wp.com,Social Media
1707,Perrine,Trenear,Female,08/05/1965,628-692-9528,ptrenearjm@ameblo.jp,Social Media
1708,Pierson,Drissell,Male,09/01/2008,349-657-7329,pdrisselljn@imgur.com,Advertisement
1709,Viviyan,Baughen,Female,11/25/1958,301-398-3998,vbaughenjo@so-net.ne.jp,Google Maps
1710,Debby,Dener,Non-binary,08/16/2004,354-248-0256,ddenerjp@scribd.com,Social Media
1711,Elisabet,Sympson,Female,12/28/1991,892-789-8403,esympsonjq@reference.com,Social Media
1712,Johnny,Castelletto,Male,06/25/1998,194-279-6803,jcastellettojr@ucsd.edu,Social Media
1713,Boy,Langmaid,Male,02/27/1993,244-778-9361,blangmaidjs@marketwatch.com,Word of Mouth
1714,Mort,Crusham,Male,01/10/1995,407-771-4709,mcrushamjt@europa.eu,Social Media
1715,Heinrick,Raven,Male,02/04/1960,123-921-8788,hravenju@twitpic.com,Word of Mouth
1716,Cristine,Roo,Female,06/01/1983,254-261-4689,croojv@dell.com,Advertisement
1717,Elita,Southerton,Female,12/25/2002,139-140-8039,esouthertonjw@posterous.com,Google Maps
1718,Alidia,Casali,Non-binary,08/16/1958,360-395-2211,acasalijx@flickr.com,Social Media
1719,Stormie,Autry,Agender,05/07/1986,984-534-2323,sautryjy@bandcamp.com,Social Media
1720,Florian,Presnail,Male,11/13/1991,882-225-1112,fpresnailjz@japanpost.jp,Social Media
1721,Joyce,Woodwing,Female,01/23/1978,779-549-5862,jwoodwingk0@yellowbook.com,Social Media
1722,Oralla,Farr,Female,01/13/2004,514-654-5724,ofarrk1@vistaprint.com,Advertisement
1723,Lesley,Castagnier,Male,09/29/2008,782-883-4348,lcastagnierk2@scientificamerican.com,Social Media
1724,Jamey,Busfield,Male,09/29/2006,208-911-5474,jbusfieldk3@sciencedirect.com,Social Media
1725,Alexandros,Tremathack,Male,02/11/1993,244-227-3842,atremathackk4@exblog.jp,Social Media
1726,Bob,Slowgrove,Male,03/03/2008,611-175-4524,bslowgrovek5@miitbeian.gov.cn,Other
1727,Kayne,Snasel,Male,07/25/2007,361-689-9771,ksnaselk6@aboutads.info,Google Maps
1728,Bevan,MacTrusty,Male,12/19/1988,978-214-8830,bmactrustyk7@weibo.com,Advertisement
1729,Brett,Joslin,Male,11/09/1995,353-499-1124,bjoslink8@phpbb.com,Google Maps
1730,Hettie,Erik,Female,11/13/1989,143-106-9227,herikk9@soundcloud.com,Social Media
1731,Staci,Skuse,Female,12/23/2003,132-191-9945,sskuseka@bravesites.com,Word of Mouth
1732,Sheppard,Lilion,Male,12/22/1963,144-545-5765,slilionkb@hubpages.com,Google Maps
1733,Tailor,Fildes,Male,05/10/2003,840-228-6021,tfildeskc@thetimes.co.uk,Word of Mouth
1734,Arnoldo,Sygrove,Male,03/04/1995,847-771-3832,asygrovekd@a8.net,Google Maps
1735,Floris,Mirfin,Female,03/03/1991,308-314-5174,fmirfinke@oracle.com,Social Media
1736,Orly,MacNess,Female,03/04/1978,329-306-9316,omacnesskf@shutterfly.com,Word of Mouth
1737,Bette,Broxholme,Female,12/09/1994,381-291-8596,bbroxholmekg@odnoklassniki.ru,Word of Mouth
1738,Jasmin,Shacklady,Genderfluid,05/17/2004,224-107-3187,jshackladykh@tinyurl.com,Other
1739,Faulkner,Codron,Male,08/07/1962,770-944-8767,fcodronki@pen.io,Word of Mouth
1740,Cara,Gager,Female,11/10/1985,508-629-4400,cgagerkj@bizjournals.com,Social Media
1741,Bartholomeo,MacCague,Male,09/22/1972,510-920-6811,bmaccaguekk@scribd.com,Google Maps
1742,Rochester,Stear,Male,08/02/1979,604-543-6377,rstearkl@reference.com,Google Maps
1743,Hughie,Saltmarsh,Male,11/26/1967,407-234-3356,hsaltmarshkm@kickstarter.com,Word of Mouth
1744,Stefano,Shildrick,Male,10/24/1968,555-315-0522,sshildrickkn@360.cn,Advertisement
1745,Britney,Frankes,Agender,03/10/1977,590-722-1845,bfrankesko@flavors.me,Word of Mouth
1746,Willi,Starie,Genderqueer,06/16/1978,795-164-9144,wstariekp@bravesites.com,Word of Mouth
1747,Keslie,Spat,Female,10/24/1970,317-909-5982,kspatkq@paypal.com,Advertisement
1748,Marius,Truggian,Male,05/30/1969,383-898-4964,mtruggiankr@ask.com,Social Media
1749,Bondie,Purshouse,Male,06/22/1983,738-172-7903,bpurshouseks@squarespace.com,Word of Mouth
1750,Carena,Tilling,Female,07/31/1979,141-892-1422,ctillingkt@1688.com,Google Maps
1751,Judith,Soreau,Female,06/11/2006,687-124-9126,jsoreauku@archive.org,Advertisement
1752,Sonnie,Anfosso,Male,10/08/1986,100-481-3913,sanfossokv@loc.gov,Advertisement
1753,Indira,Erskine,Bigender,03/11/2000,735-537-9147,ierskinekw@berkeley.edu,Social Media
1754,Gretta,Seeviour,Female,11/29/1994,363-254-3959,gseeviourkx@e-recht24.de,Word of Mouth
1755,Malchy,Tredger,Male,04/16/1968,963-427-2483,mtredgerky@123-reg.co.uk,Other
1756,William,Inseal,Male,05/24/1979,615-683-6711,winsealkz@discovery.com,Word of Mouth
1757,Joannes,Ambroix,Female,05/15/1960,117-979-8045,jambroixl0@state.gov,Advertisement
1758,Peggi,Vankov,Female,03/22/1966,105-102-2465,pvankovl1@photobucket.com,Social Media
1759,Emeline,Treppas,Female,11/26/1968,397-475-0387,etreppasl2@fda.gov,Social Media
1760,Gothart,Stoyell,Male,10/12/2005,749-383-4379,gstoyelll3@berkeley.edu,Social Media
1761,Umberto,Crewes,Male,11/03/1978,975-307-3658,ucrewesl4@tmall.com,Google Maps
1762,Nelson,Itzchaky,Male,07/12/1994,215-119-7783,nitzchakyl5@wikimedia.org,Google Maps
1763,Gunther,Adolthine,Male,02/20/1980,565-664-9317,gadolthinel6@seesaa.net,Social Media
1764,Yevette,Brownbridge,Female,04/14/1980,184-711-5094,ybrownbridgel7@icq.com,Advertisement
1765,Taylor,Pullman,Male,10/21/1980,594-725-0739,tpullmanl8@infoseek.co.jp,Other
1766,Vilhelmina,Petcher,Female,05/19/1979,203-839-4221,vpetcherl9@tiny.cc,Advertisement
1767,Allayne,Ladewig,Male,12/02/1978,982-952-1106,aladewigla@netscape.com,Google Maps
1768,Meade,Andrysiak,Female,02/19/1984,174-815-9680,mandrysiaklb@friendfeed.com,Google Maps
1769,Starlin,Brunetti,Female,12/29/1977,295-652-4335,sbrunettilc@lulu.com,Advertisement
1770,Kristofor,Fielders,Male,08/17/2003,642-979-3132,kfieldersld@nhs.uk,Word of Mouth
1771,Allayne,Riccetti,Male,03/02/2007,640-525-8367,ariccettile@clickbank.net,Word of Mouth
1772,Jaye,Pellamont,Male,01/02/1964,223-123-6129,jpellamontlf@buzzfeed.com,Word of Mouth
1773,Lonnie,Josland,Male,06/27/1973,580-417-9673,ljoslandlg@latimes.com,Advertisement
1774,Niko,Stothert,Genderfluid,10/12/1966,513-583-4688,nstothertlh@time.com,Advertisement
1775,Filbert,Prantl,Bigender,01/12/1988,757-959-7127,fprantlli@over-blog.com,Social Media
1776,Harman,Prinnett,Male,07/05/1959,990-691-9892,hprinnettlj@so-net.ne.jp,Social Media
1777,Donaugh,Given,Genderfluid,08/18/1974,734-592-3537,dgivenlk@cpanel.net,Advertisement
1778,Elfrieda,Fradson,Female,09/05/2003,677-999-1068,efradsonll@ucoz.com,Advertisement
1779,Alfons,Kybert,Male,10/22/2004,152-864-7567,akybertlm@bizjournals.com,Google Maps
1780,Warden,Pundy,Male,01/11/1971,170-844-8419,wpundyln@newsvine.com,Advertisement
1781,Mord,Roote,Male,12/12/1960,348-985-0320,mrootelo@uiuc.edu,Advertisement
1782,Noam,Batson,Male,07/31/1988,833-618-7039,nbatsonlp@linkedin.com,Word of Mouth
1783,Lilith,Dust,Female,09/29/2004,128-605-9881,ldustlq@shop-pro.jp,Advertisement
1784,Madlen,Henaughan,Female,11/27/1996,281-299-6140,mhenaughanlr@creativecommons.org,Advertisement
1785,Teriann,Heliet,Female,09/24/1968,576-330-0125,thelietls@bigcartel.com,Advertisement
1786,Maribeth,Hiner,Polygender,09/30/1980,751-451-9483,mhinerlt@prlog.org,Word of Mouth
1787,Gilberto,Syseland,Male,10/10/2000,584-681-8249,gsyselandlu@163.com,Advertisement
1788,Harriette,Cunnington,Bigender,01/28/1958,257-836-3070,hcunningtonlv@unicef.org,Word of Mouth
1789,Sammie,Offin,Male,07/31/2003,912-581-8339,soffinlw@plala.or.jp,Word of Mouth
1790,Genni,Arrigo,Female,02/22/1995,123-722-2805,garrigolx@elpais.com,Social Media
1791,Perla,Vanichkin,Female,06/04/1972,510-637-9475,pvanichkinly@nasa.gov,Social Media
1792,Kenn,Braithwaite,Male,06/23/1986,341-545-1327,kbraithwaitelz@instagram.com,Social Media
1793,Trev,Vasishchev,Male,08/03/1990,433-784-1878,tvasishchevm0@youtu.be,Google Maps
1794,Kippie,Gavahan,Male,05/24/1988,845-392-4511,kgavahanm1@gmpg.org,Word of Mouth
1795,Tod,Franceschelli,Male,08/15/1978,385-559-7234,tfranceschellim2@elegantthemes.com,Social Media
1796,Sheffie,Hattigan,Polygender,10/13/1989,418-540-8408,shattiganm3@netscape.com,Advertisement
1797,Gauthier,Bockmaster,Male,07/05/1961,747-371-0695,gbockmasterm4@pbs.org,Social Media
1798,Ashia,Bail,Female,04/24/1982,599-192-7082,abailm5@spiegel.de,Advertisement
1799,Dee,Becconsall,Female,06/06/1984,365-259-2450,dbecconsallm6@taobao.com,Word of Mouth
1800,Reggy,Gaber,Male,01/11/1959,856-354-9359,rgaberm7@theguardian.com,Social Media
1801,Sandor,Keech,Male,01/26/1964,801-412-8915,skeechm8@msu.edu,Word of Mouth
1802,Adela,Rainforth,Female,07/24/1985,496-956-3801,arainforthm9@gravatar.com,Social Media
1803,Marcie,Pareman,Female,02/11/2009,252-206-1692,mparemanma@ezinearticles.com,Social Media
1804,Harmony,Masedon,Female,07/08/1962,717-383-2135,hmasedonmb@seattletimes.com,Other
1805,Traci,Dearness,Female,10/14/1970,136-245-2465,tdearnessmc@discuz.net,Social Media
1806,Ollie,Hardisty,Male,11/26/2008,684-894-9817,ohardistymd@amazon.co.uk,Other
1807,Sharia,Thor,Female,08/07/1991,937-893-9573,sthorme@google.de,Social Media
1808,Guillermo,Garnson,Agender,04/18/1982,854-263-7712,ggarnsonmf@ovh.net,Google Maps
1809,Moses,Ditchburn,Male,11/05/1994,527-288-3084,mditchburnmg@businesswire.com,Google Maps
1810,Kissiah,Keyhoe,Female,08/14/1988,730-702-8684,kkeyhoemh@cdc.gov,Social Media
1811,Caralie,Sings,Female,02/02/1959,895-308-0686,csingsmi@weather.com,Social Media
1812,Nikita,Thompsett,Male,07/06/2001,323-797-3039,nthompsettmj@360.cn,Word of Mouth
1813,Nahum,Kennan,Male,12/18/1997,980-156-2974,nkennanmk@sciencedaily.com,Word of Mouth
1814,Timoteo,Tomalin,Male,02/23/1979,220-179-1618,ttomalinml@goo.gl,Advertisement
1815,Ab,Avramovic,Male,11/12/1989,787-477-7646,aavramovicmm@msn.com,Other
1816,Alexandr,Cullin,Male,01/29/1958,430-679-2975,acullinmn@sciencedirect.com,Social Media
1817,Gamaliel,Spadoni,Male,12/30/1968,895-779-1630,gspadonimo@digg.com,Google Maps
1818,Brandea,Betteson,Female,01/24/1989,462-731-4625,bbettesonmp@hao123.com,Advertisement
1819,Henrik,Somner,Male,01/22/1976,320-633-5250,hsomnermq@indiatimes.com,Word of Mouth
1820,Armstrong,Peckett,Male,06/06/1959,222-732-3485,apeckettmr@jugem.jp,Word of Mouth
1821,Hayes,Albion,Male,11/19/1960,429-175-3906,halbionms@netlog.com,Social Media
1822,Phil,Gookes,Female,11/15/1968,883-265-3487,pgookesmt@webmd.com,Word of Mouth
1823,Kearney,Fenelow,Genderqueer,04/18/1981,384-884-6247,kfenelowmu@oracle.com,Other
1824,Carr,Lett,Male,08/14/1989,473-461-5789,clettmv@hostgator.com,Social Media
1825,Violante,Hakeworth,Non-binary,07/13/1988,936-811-7432,vhakeworthmw@163.com,Social Media
1826,Laraine,Fortie,Female,05/29/1999,290-884-2152,lfortiemx@yale.edu,Advertisement
1827,Alasdair,Ough,Male,11/16/1978,723-851-9473,aoughmy@phoca.cz,Social Media
1828,Yoshiko,Sansun,Female,12/14/1968,268-825-5766,ysansunmz@alexa.com,Social Media
1829,Trula,Pinilla,Female,06/08/2005,337-255-9783,tpinillan0@pinterest.com,Social Media
1830,Jamal,Ledbury,Male,12/31/1974,817-625-5484,jledburyn1@tripadvisor.com,Social Media
1831,Helen,Luisetti,Genderqueer,09/26/1960,699-904-8068,hluisettin2@rakuten.co.jp,Word of Mouth
1832,Blanch,Poad,Female,08/17/2003,938-391-8542,bpoadn3@storify.com,Other
1833,Rodrigo,Busch,Male,05/07/1976,134-443-9689,rbuschn4@jigsy.com,Other
1834,Arman,Beynkn,Male,06/05/1994,138-853-0027,abeynknn5@edublogs.org,Word of Mouth
1835,Cora,Fawke,Female,10/10/1969,393-443-9574,cfawken6@psu.edu,Advertisement
1836,Analiese,Wheadon,Female,05/03/2008,235-275-4951,awheadonn7@techcrunch.com,Social Media
1837,Catlaina,Baldick,Female,09/04/1967,736-847-6608,cbaldickn8@prnewswire.com,Word of Mouth
1838,Hendrick,Earengey,Male,12/05/1964,577-979-4859,hearengeyn9@flavors.me,Google Maps
1839,Parry,Sillwood,Male,02/13/1982,868-866-9612,psillwoodna@free.fr,Other
1840,Ardis,Tretter,Female,11/07/1996,842-889-4292,atretternb@merriam-webster.com,Social Media
1841,Edd,Brashier,Male,04/30/1991,841-790-3661,ebrashiernc@japanpost.jp,Social Media
1842,Garrick,Varney,Male,01/12/1995,950-536-7029,gvarneynd@who.int,Social Media
1843,Prue,Napier,Female,05/06/1966,777-414-6961,pnapierne@unicef.org,Word of Mouth
1844,Lorelei,Manifold,Female,06/23/1964,934-159-3230,lmanifoldnf@slideshare.net,Social Media
1845,Hugibert,Faircley,Male,04/17/2001,203-398-1317,hfaircleyng@e-recht24.de,Word of Mouth
1846,Oralie,Keymer,Female,02/02/1967,822-387-1172,okeymernh@hatena.ne.jp,Word of Mouth
1847,Carlita,Brunger,Female,01/25/1987,203-666-7684,cbrungerni@t.co,Social Media
1848,Torrin,Whysall,Male,02/04/1960,778-535-4449,twhysallnj@blogger.com,Other
1849,Verge,Blanning,Male,03/09/1960,743-710-9836,vblanningnk@de.vu,Advertisement
1850,Worden,Paylie,Male,09/09/2006,423-294-5972,wpaylienl@cbslocal.com,Social Media
1851,Lazare,Barfford,Male,08/22/1981,361-621-6513,lbarffordnm@rambler.ru,Social Media
1852,Flora,Crowhurst,Female,02/15/1958,631-281-7172,fcrowhurstnn@deliciousdays.com,Advertisement
1853,Guendolen,Blacklawe,Female,11/17/1962,145-574-8587,gblacklaweno@apache.org,Word of Mouth
1854,Reidar,Sunners,Male,09/24/2003,254-921-7500,rsunnersnp@nifty.com,Other
1855,Petrina,Langmaid,Female,06/09/1959,638-348-5192,plangmaidnq@slideshare.net,Social Media
1856,Liv,Ivanshintsev,Female,03/07/1978,879-209-4119,livanshintsevnr@oaic.gov.au,Google Maps
1857,Johnathan,Whiteford,Male,11/01/2000,586-372-1885,jwhitefordns@opensource.org,Word of Mouth
1858,Erwin,Polle,Male,03/28/2005,205-873-5053,epollent@google.com.hk,Word of Mouth
1859,Orelia,Hallmark,Female,09/19/1980,674-608-3507,ohallmarknu@nhs.uk,Advertisement
1860,Benjy,Brafield,Polygender,05/15/1994,981-766-6600,bbrafieldnv@guardian.co.uk,Advertisement
1861,Bertina,Mattielli,Female,07/09/1960,275-742-1703,bmattiellinw@hud.gov,Other
1862,Pearl,Pendlington,Genderfluid,02/18/2001,468-856-1690,ppendlingtonnx@buzzfeed.com,Google Maps
1863,Dareen,Kaszper,Female,01/09/1983,840-141-9524,dkaszperny@google.fr,Word of Mouth
1864,Quinton,Edgeworth,Male,05/02/2008,923-721-7225,qedgeworthnz@engadget.com,Word of Mouth
1865,Nikolai,Langelay,Male,03/04/1998,960-922-8882,nlangelayo0@networkadvertising.org,Other
1866,Moyna,Inglese,Female,12/28/1990,150-913-7127,mingleseo1@behance.net,Advertisement
1867,Bonni,Serraillier,Female,11/26/1964,713-859-7505,bserrailliero2@java.com,Word of Mouth
1868,Sadella,Sporrij,Female,02/01/1999,791-187-5878,ssporrijo3@tuttocitta.it,Advertisement
1869,Freemon,Wroe,Male,07/14/2007,423-516-5044,fwroeo4@patch.com,Advertisement
1870,Leone,Schild,Female,08/24/1968,253-705-0381,lschildo5@redcross.org,Advertisement
1871,Marten,Jewsbury,Genderqueer,05/02/1983,274-899-0070,mjewsburyo6@house.gov,Social Media
1872,Norina,Ansty,Female,04/16/1985,277-121-4808,nanstyo7@360.cn,Word of Mouth
1873,Jard,Grayshan,Male,06/16/1982,685-843-6597,jgrayshano8@ustream.tv,Social Media
1874,Therese,Knivett,Polygender,05/07/1993,191-376-6792,tknivetto9@mlb.com,Google Maps
1875,Malina,Benedick,Female,10/02/1978,552-841-7885,mbenedickoa@etsy.com,Social Media
1876,Buiron,Blenkhorn,Male,03/13/1991,156-296-9951,bblenkhornob@google.ca,Word of Mouth
1877,Monroe,Chicchelli,Male,09/01/1975,400-172-5901,mchicchellioc@reuters.com,Word of Mouth
1878,Claus,Mussalli,Male,06/13/1962,272-932-7480,cmussalliod@macromedia.com,Google Maps
1879,Rutledge,Veldens,Male,01/13/1975,979-235-4536,rveldensoe@acquirethisname.com,Word of Mouth
1880,Lu,Digle,Female,03/17/1992,758-870-1679,ldigleof@trellian.com,Social Media
1881,Hershel,Francescuzzi,Male,10/28/1989,741-680-4451,hfrancescuzziog@google.it,Other
1882,Alexis,Ludgrove,Female,12/24/1998,275-518-4162,aludgroveoh@wix.com,Social Media
1883,Chrissy,Netting,Female,06/12/1964,860-983-3140,cnettingoi@cloudflare.com,Word of Mouth
1884,Tammara,Search,Female,01/07/1964,858-191-6617,tsearchoj@tamu.edu,Google Maps
1885,Rosy,McLinden,Female,01/02/1980,632-821-1798,rmclindenok@friendfeed.com,Social Media
1886,Brody,Hopewell,Male,12/13/1984,156-327-7383,bhopewellol@theatlantic.com,Word of Mouth
1887,Myles,Talloe,Agender,05/24/1988,571-568-8239,mtalloeom@addtoany.com,Social Media
1888,Alberto,Costy,Male,03/29/2002,427-754-4788,acostyon@rediff.com,Other
1889,Elnore,Gaudin,Female,08/13/2007,373-809-5438,egaudinoo@sohu.com,Social Media
1890,Sarene,Filippi,Female,08/22/1969,841-102-5355,sfilippiop@cbslocal.com,Word of Mouth
1891,Celene,Fullegar,Non-binary,10/26/1991,159-867-7819,cfullegaroq@blog.com,Word of Mouth
1892,Nikos,Solway,Male,12/19/1962,300-948-3305,nsolwayor@ed.gov,Word of Mouth
1893,Tedra,Butland,Female,10/10/1999,897-982-8787,tbutlandos@dyndns.org,Social Media
1894,Alleen,Lancaster,Female,08/12/1972,745-510-5208,alancasterot@ox.ac.uk,Google Maps
1895,Xymenes,Cleveland,Male,03/17/2003,607-665-0004,xclevelandou@ifeng.com,Social Media
1896,Anya,Goodee,Female,12/29/2006,554-563-0733,agoodeeov@squidoo.com,Word of Mouth
1897,Pincus,Brickell,Male,12/02/1972,994-480-2251,pbrickellow@uol.com.br,Advertisement
1898,Brannon,Shafe,Male,03/05/2007,210-452-6907,bshafeox@ning.com,Other
1899,Jeddy,Davage,Male,10/29/2000,603-490-5097,jdavageoy@com.com,Advertisement
1900,Lillis,Sheavills,Female,09/08/1964,545-445-0597,lsheavillsoz@shop-pro.jp,Advertisement
1901,Iolanthe,Andell,Female,04/08/1970,400-819-7069,iandellp0@techcrunch.com,Word of Mouth
1902,Terrill,Giacobelli,Male,08/21/2002,560-278-8675,tgiacobellip1@bandcamp.com,Word of Mouth
1903,Willyt,Tod,Female,09/23/1969,259-622-7534,wtodp2@1688.com,Word of Mouth
1904,Roderick,Battleson,Male,07/11/1989,854-216-5642,rbattlesonp3@w3.org,Word of Mouth
1905,Augie,Glasheen,Male,06/17/1998,346-470-1253,aglasheenp4@shutterfly.com,Advertisement
1906,Amalee,Barcroft,Female,11/09/1968,946-876-0550,abarcroftp5@dell.com,Word of Mouth
1907,Zita,Hazle,Female,03/30/2004,280-668-9268,zhazlep6@dmoz.org,Advertisement
1908,Daphna,McNelis,Female,10/27/1994,430-441-6079,dmcnelisp7@epa.gov,Word of Mouth
1909,Tiphany,Merveille,Female,12/05/1981,107-589-9200,tmerveillep8@paypal.com,Google Maps
1910,Wilone,Pillman,Female,03/02/1960,612-801-0124,wpillmanp9@mediafire.com,Social Media
1911,Carlin,Jardin,Female,05/27/1981,291-338-5967,cjardinpa@reuters.com,Google Maps
1912,Hernando,Stuke,Male,03/11/1962,829-867-7449,hstukepb@ow.ly,Social Media
1913,Arny,Enticott,Male,07/04/1979,251-332-6483,aenticottpc@linkedin.com,Social Media
1914,Tye,Radbourne,Male,05/08/1968,650-429-5368,tradbournepd@blinklist.com,Word of Mouth
1915,Brigg,Garmey,Agender,01/31/1995,537-983-0781,bgarmeype@fastcompany.com,Word of Mouth
1916,Gussie,Brothwood,Female,05/09/1961,338-215-7475,gbrothwoodpf@ameblo.jp,Google Maps
1917,Rafaello,Hulbert,Male,12/02/1969,213-641-5380,rhulbertpg@unc.edu,Advertisement
1918,Giraud,Bowsher,Male,03/10/1986,659-599-1057,gbowsherph@youku.com,Word of Mouth
1919,Greta,Deegin,Female,09/27/1974,859-384-3272,gdeeginpi@devhub.com,Word of Mouth
1920,Carlie,McComb,Female,01/29/2002,923-266-1511,cmccombpj@cargocollective.com,Word of Mouth
1921,Leone,Crossingham,Female,04/25/1986,463-228-3752,lcrossinghampk@stumbleupon.com,Other
1922,Reider,Larmet,Male,04/30/2002,174-677-9582,rlarmetpl@chronoengine.com,Word of Mouth
1923,Muffin,Brameld,Female,01/30/1981,456-475-3227,mbrameldpm@google.com.au,Other
1924,Arnie,Ivantyev,Male,01/23/1970,680-451-8395,aivantyevpn@unicef.org,Social Media
1925,Tripp,Van de Vlies,Male,07/09/1965,494-622-1126,tvandevliespo@free.fr,Word of Mouth
1926,Nap,Binham,Male,11/26/1985,964-412-4003,nbinhampp@pinterest.com,Social Media
1927,Sherwynd,Corkill,Polygender,09/23/1978,518-837-8026,scorkillpq@hibu.com,Other
1928,Kelley,Jentgens,Female,01/20/1984,337-149-0405,kjentgenspr@google.cn,Google Maps
1929,Jena,Clutterham,Bigender,05/27/1960,433-934-0460,jclutterhamps@mtv.com,Word of Mouth
1930,Flossie,Baudi,Polygender,07/22/1970,939-356-0903,fbaudipt@gmpg.org,Word of Mouth
1931,Joleen,Eseler,Female,06/07/2009,762-697-9939,jeselerpu@printfriendly.com,Word of Mouth
1932,Henka,Hodgen,Female,08/26/1980,287-394-9364,hhodgenpv@google.co.uk,Social Media
1933,Pincus,Jeffryes,Male,11/02/1988,512-726-9342,pjeffryespw@trellian.com,Social Media
1934,Willetta,Featherbie,Female,12/13/1968,112-852-3151,wfeatherbiepx@slate.com,Social Media
1935,Deane,Medcalfe,Female,01/02/1984,221-700-1924,dmedcalfepy@imgur.com,Social Media
1936,Tine,Guerriero,Female,05/25/1973,690-283-0374,tguerrieropz@tmall.com,Social Media
1937,Neila,Ovid,Agender,04/21/1972,606-712-2690,novidq0@businessinsider.com,Social Media
1938,Tucky,Hallede,Male,09/16/1991,282-556-7909,thalledeq1@w3.org,Word of Mouth
1939,Garwood,Cersey,Male,02/24/1961,982-877-2841,gcerseyq2@businessweek.com,Word of Mouth
1940,Natala,Egalton,Female,05/05/1996,880-427-8589,negaltonq3@squidoo.com,Other
1941,Greta,Borlease,Female,05/04/1966,303-866-3115,gborleaseq4@arstechnica.com,Social Media
1942,Bonnie,Linay,Female,04/07/2003,851-855-5603,blinayq5@chron.com,Word of Mouth
1943,Olvan,Tolworth,Male,10/29/1988,105-775-1961,otolworthq6@de.vu,Google Maps
1944,Bessy,Clapshaw,Polygender,11/24/1982,593-533-5910,bclapshawq7@bloglines.com,Google Maps
1945,Robin,Anthony,Male,12/18/2003,762-171-4104,ranthonyq8@slate.com,Advertisement
1946,Teena,McLarnon,Female,02/10/1997,638-716-5166,tmclarnonq9@ovh.net,Word of Mouth
1947,Flo,Dionis,Female,06/28/2008,692-548-2928,fdionisqa@ameblo.jp,Word of Mouth
1948,Bert,Barnaby,Female,12/27/1968,648-613-7525,bbarnabyqb@cnet.com,Advertisement
1949,Garrot,Kinlock,Male,02/05/1975,274-159-9789,gkinlockqc@slashdot.org,Advertisement
1950,Nanci,Greed,Female,02/08/2004,224-521-9410,ngreedqd@globo.com,Social Media
1951,Ira,Richens,Female,10/06/1972,421-297-9843,irichensqe@forbes.com,Social Media
1952,Sigismundo,Hurley,Male,08/13/1966,669-247-4908,shurleyqf@zimbio.com,Word of Mouth
1953,Eleanora,Faucett,Female,09/29/1983,767-412-9964,efaucettqg@theguardian.com,Word of Mouth
1954,Elvin,Sawkin,Male,04/06/1958,341-447-9948,esawkinqh@biblegateway.com,Social Media
1955,Perceval,Gilardoni,Male,11/06/1969,890-819-5002,pgilardoniqi@amazonaws.com,Social Media
1956,Cristy,Langfat,Female,05/18/1968,987-477-0068,clangfatqj@wix.com,Word of Mouth
1957,Eran,Persse,Female,08/23/1958,265-547-3198,epersseqk@taobao.com,Social Media
1958,Robby,Lippiello,Male,12/18/1975,865-961-6132,rlippielloql@skyrock.com,Word of Mouth
1959,Crysta,Chaddock,Female,10/07/1988,389-202-4063,cchaddockqm@deviantart.com,Google Maps
1960,Malva,Kilbourn,Female,06/25/1982,710-661-9432,mkilbournqn@china.com.cn,Word of Mouth
1961,Myron,Doody,Male,11/09/1963,973-918-9371,mdoodyqo@adobe.com,Social Media
1962,Shannah,Lidgate,Female,06/30/2000,623-599-0830,slidgateqp@indiatimes.com,Google Maps
1963,Amandie,Duce,Female,06/21/1981,664-157-4906,aduceqq@lycos.com,Advertisement
1964,Valle,Cluitt,Male,11/30/1960,226-587-3837,vcluittqr@hp.com,Social Media
1965,Eugenius,Kincey,Male,12/08/1976,507-483-2326,ekinceyqs@twitpic.com,Word of Mouth
1966,Collin,Dunderdale,Male,09/29/2008,465-547-1519,cdunderdaleqt@sakura.ne.jp,Social Media
1967,Pauli,Valentin,Female,08/28/1981,315-457-2030,pvalentinqu@examiner.com,Social Media
1968,Gweneth,Midlane,Female,01/16/2008,452-389-4391,gmidlaneqv@nsw.gov.au,Social Media
1969,Israel,Willimott,Male,05/01/1984,265-430-7133,iwillimottqw@un.org,Advertisement
1970,Bond,Synnott,Male,04/10/1968,136-817-7985,bsynnottqx@answers.com,Social Media
1971,Rhianna,Castillo,Female,06/30/1966,740-892-0940,rcastilloqy@1und1.de,Word of Mouth
1972,Tim,Tixall,Male,07/26/1975,347-105-6309,ttixallqz@hhs.gov,Advertisement
1973,Simone,Larrett,Female,03/21/1976,688-890-9586,slarrettr0@cafepress.com,Word of Mouth
1974,Karia,Christal,Genderfluid,05/21/1965,256-699-5395,kchristalr1@wisc.edu,Advertisement
1975,Hilarius,Brideaux,Male,01/12/1997,117-602-2489,hbrideauxr2@examiner.com,Social Media
1976,Norry,Druce,Female,11/15/1984,434-868-5612,ndrucer3@tripod.com,Google Maps
1977,Dennie,Norway,Male,01/24/2007,394-838-1436,dnorwayr4@desdev.cn,Advertisement
1978,Salmon,Glantz,Male,08/28/1983,492-488-2617,sglantzr5@ox.ac.uk,Word of Mouth
1979,Eugine,Albers,Non-binary,11/26/1967,136-846-9911,ealbersr6@patch.com,Word of Mouth
1980,Lenora,Worssam,Female,08/06/1959,370-235-9410,lworssamr7@tamu.edu,Google Maps
1981,Leena,Dorber,Female,05/20/1990,834-884-0326,ldorberr8@sfgate.com,Social Media
1982,Cristen,Balderstone,Female,06/06/1975,321-830-8683,cbalderstoner9@cbsnews.com,Word of Mouth
1983,Lucy,Vanderson,Female,01/28/1961,678-513-3439,lvandersonra@quantcast.com,Other
1984,Rollo,Maddams,Male,08/10/1983,106-841-2364,rmaddamsrb@columbia.edu,Google Maps
1985,Malcolm,Fawckner,Male,12/03/1970,252-546-0338,mfawcknerrc@unblog.fr,Google Maps
1986,Guntar,Pucker,Male,07/31/1987,931-658-6830,gpuckerrd@merriam-webster.com,Social Media
1987,Emmott,Scammonden,Male,07/17/1968,580-485-3023,escammondenre@paypal.com,Advertisement
1988,Prissie,Raecroft,Female,05/17/1969,879-261-7710,praecroftrf@nature.com,Social Media
